IP 地址,已发送,已接收,丢包率,平均延迟,下载速度 (MB/s)
172.65.211.127,4,4,0.00,1.77,0.00
172.67.129.178,4,4,0.00,1.80,0.00
172.65.77.124,4,4,0.00,1.85,0.00
141.101.120.220,4,4,0.00,1.86,0.00
172.65.251.10,4,4,0.00,1.87,0.00
104.24.156.85,4,4,0.00,1.87,0.00
104.27.40.210,4,4,0.00,1.93,0.00
172.64.186.222,4,4,0.00,1.93,0.00
162.159.138.190,4,4,0.00,1.94,0.00
162.159.26.186,4,4,0.00,1.94,0.00
104.21.16.9,4,4,0.00,1.94,0.00
104.24.138.84,4,4,0.00,1.95,0.00
172.67.117.75,4,4,0.00,1.95,0.00
172.65.153.85,4,4,0.00,1.95,0.00
104.24.92.127,4,4,0.00,1.97,0.00
104.27.102.110,4,4,0.00,1.98,0.00
172.65.246.9,4,4,0.00,1.98,0.00
104.24.93.140,4,4,0.00,1.98,0.00
172.65.82.26,4,4,0.00,1.99,0.00
162.159.137.207,4,4,0.00,2.00,0.00
104.24.66.247,4,4,0.00,2.00,0.00
104.24.68.44,4,4,0.00,2.00,0.00
104.24.75.190,4,4,0.00,2.01,0.00
172.66.149.161,4,4,0.00,2.01,0.00
104.21.5.118,4,4,0.00,2.02,0.00
162.159.40.253,4,4,0.00,2.02,0.00
172.67.66.228,4,4,0.00,2.02,0.00
104.21.239.25,4,4,0.00,2.03,0.00
104.21.221.25,4,4,0.00,2.03,0.00
104.24.94.21,4,4,0.00,2.04,0.00
172.64.80.119,4,4,0.00,2.04,0.00
172.67.150.79,4,4,0.00,2.04,0.00
104.24.132.114,4,4,0.00,2.04,0.00
104.27.120.15,4,4,0.00,2.04,0.00
162.159.11.23,4,4,0.00,2.04,0.00
172.65.41.160,4,4,0.00,2.04,0.00
104.24.90.244,4,4,0.00,2.05,0.00
104.27.17.4,4,4,0.00,2.06,0.00
172.67.230.229,4,4,0.00,2.06,0.00
172.67.121.211,4,4,0.00,2.06,0.00
172.65.151.63,4,4,0.00,2.07,0.00
104.24.37.233,4,4,0.00,2.07,0.00
104.21.2.96,4,4,0.00,2.07,0.00
172.66.161.188,4,4,0.00,2.07,0.00
172.66.148.240,4,4,0.00,2.07,0.00
104.21.35.135,4,4,0.00,2.07,0.00
104.27.200.217,4,4,0.00,2.08,0.00
104.27.202.249,4,4,0.00,2.08,0.00
104.27.117.218,4,4,0.00,2.08,0.00
172.65.17.24,4,4,0.00,2.08,0.00
104.24.144.75,4,4,0.00,2.08,0.00
104.21.231.47,4,4,0.00,2.08,0.00
172.67.188.225,4,4,0.00,2.09,0.00
172.64.153.89,4,4,0.00,2.09,0.00
172.66.152.179,4,4,0.00,2.09,0.00
172.65.69.164,4,4,0.00,2.09,0.00
172.65.187.68,4,4,0.00,2.09,0.00
104.24.63.208,4,4,0.00,2.09,0.00
172.65.212.35,4,4,0.00,2.09,0.00
172.65.88.64,4,4,0.00,2.09,0.00
162.159.10.66,4,4,0.00,2.09,0.00
104.21.223.116,4,4,0.00,2.10,0.00
172.65.36.181,4,4,0.00,2.10,0.00
172.64.37.121,4,4,0.00,2.10,0.00
104.21.105.185,4,4,0.00,2.10,0.00
104.24.19.246,4,4,0.00,2.10,0.00
162.159.231.21,4,4,0.00,2.10,0.00
104.27.199.110,4,4,0.00,2.10,0.00
172.67.155.117,4,4,0.00,2.11,0.00
172.65.116.49,4,4,0.00,2.11,0.00
104.24.21.27,4,4,0.00,2.11,0.00
172.67.111.4,4,4,0.00,2.11,0.00
172.65.241.191,4,4,0.00,2.11,0.00
104.24.174.122,4,4,0.00,2.11,0.00
172.65.97.84,4,4,0.00,2.11,0.00
104.27.58.215,4,4,0.00,2.11,0.00
172.67.171.111,4,4,0.00,2.11,0.00
104.24.78.66,4,4,0.00,2.12,0.00
172.65.201.95,4,4,0.00,2.12,0.00
172.64.100.154,4,4,0.00,2.12,0.00
172.65.220.196,4,4,0.00,2.12,0.00
172.65.160.170,4,4,0.00,2.12,0.00
172.67.167.71,4,4,0.00,2.12,0.00
172.65.152.227,4,4,0.00,2.12,0.00
172.67.160.142,4,4,0.00,2.12,0.00
172.67.221.64,4,4,0.00,2.12,0.00
104.27.52.93,4,4,0.00,2.13,0.00
104.24.130.139,4,4,0.00,2.13,0.00
104.27.127.146,4,4,0.00,2.13,0.00
162.159.134.103,4,4,0.00,2.13,0.00
172.65.175.210,4,4,0.00,2.13,0.00
172.65.113.57,4,4,0.00,2.13,0.00
172.67.242.200,4,4,0.00,2.13,0.00
172.67.116.193,4,4,0.00,2.13,0.00
172.65.215.156,4,4,0.00,2.13,0.00
172.64.67.99,4,4,0.00,2.14,0.00
172.65.233.133,4,4,0.00,2.14,0.00
172.65.205.102,4,4,0.00,2.14,0.00
172.65.235.63,4,4,0.00,2.15,0.00
104.21.19.135,4,4,0.00,2.15,0.00
162.159.62.167,4,4,0.00,2.15,0.00
104.27.198.166,4,4,0.00,2.15,0.00
172.66.165.20,4,4,0.00,2.15,0.00
104.24.34.162,4,4,0.00,2.15,0.00
104.27.23.154,4,4,0.00,2.15,0.00
172.67.175.48,4,4,0.00,2.15,0.00
104.24.80.85,4,4,0.00,2.15,0.00
172.65.236.105,4,4,0.00,2.15,0.00
172.65.102.128,4,4,0.00,2.16,0.00
108.162.195.159,4,4,0.00,2.16,0.00
172.67.90.105,4,4,0.00,2.16,0.00
104.21.238.121,4,4,0.00,2.16,0.00
104.27.98.152,4,4,0.00,2.16,0.00
172.67.119.68,4,4,0.00,2.16,0.00
172.65.171.16,4,4,0.00,2.16,0.00
162.159.5.40,4,4,0.00,2.17,0.00
172.65.89.69,4,4,0.00,2.17,0.00
162.159.50.21,4,4,0.00,2.17,0.00
104.27.118.208,4,4,0.00,2.17,0.00
172.67.182.185,4,4,0.00,2.17,0.00
172.65.226.160,4,4,0.00,2.17,0.00
172.67.231.93,4,4,0.00,2.17,0.00
172.67.70.180,4,4,0.00,2.17,0.00
172.65.80.78,4,4,0.00,2.17,0.00
172.64.233.242,4,4,0.00,2.17,0.00
172.67.174.250,4,4,0.00,2.17,0.00
172.67.157.85,4,4,0.00,2.17,0.00
172.64.85.74,4,4,0.00,2.18,0.00
172.65.58.79,4,4,0.00,2.18,0.00
104.24.147.119,4,4,0.00,2.18,0.00
172.65.108.162,4,4,0.00,2.18,0.00
172.67.130.186,4,4,0.00,2.18,0.00
104.24.16.179,4,4,0.00,2.18,0.00
104.24.165.1,4,4,0.00,2.18,0.00
172.65.157.58,4,4,0.00,2.18,0.00
172.67.99.175,4,4,0.00,2.18,0.00
104.24.20.97,4,4,0.00,2.18,0.00
104.21.18.183,4,4,0.00,2.19,0.00
104.25.234.45,4,4,0.00,2.19,0.00
104.21.24.79,4,4,0.00,2.19,0.00
104.27.91.72,4,4,0.00,2.19,0.00
104.26.3.60,4,4,0.00,2.19,0.00
162.159.14.101,4,4,0.00,2.20,0.00
172.65.29.65,4,4,0.00,2.20,0.00
104.27.71.64,4,4,0.00,2.20,0.00
104.24.64.251,4,4,0.00,2.20,0.00
172.64.77.48,4,4,0.00,2.20,0.00
172.64.92.202,4,4,0.00,2.20,0.00
104.24.10.163,4,4,0.00,2.20,0.00
172.64.91.131,4,4,0.00,2.20,0.00
172.67.246.149,4,4,0.00,2.20,0.00
172.64.48.95,4,4,0.00,2.20,0.00
172.65.170.73,4,4,0.00,2.20,0.00
104.27.38.98,4,4,0.00,2.20,0.00
172.67.189.135,4,4,0.00,2.21,0.00
104.24.35.145,4,4,0.00,2.21,0.00
172.65.94.181,4,4,0.00,2.21,0.00
172.65.203.120,4,4,0.00,2.21,0.00
172.64.50.104,4,4,0.00,2.21,0.00
172.65.169.211,4,4,0.00,2.21,0.00
104.27.90.32,4,4,0.00,2.21,0.00
104.24.91.164,4,4,0.00,2.22,0.00
172.65.86.8,4,4,0.00,2.22,0.00
172.66.174.38,4,4,0.00,2.22,0.00
104.24.1.55,4,4,0.00,2.22,0.00
198.41.201.227,4,4,0.00,2.22,0.00
104.24.166.64,4,4,0.00,2.22,0.00
104.24.88.43,4,4,0.00,2.22,0.00
172.66.0.54,4,4,0.00,2.22,0.00
172.65.64.34,4,4,0.00,2.22,0.00
172.67.95.117,4,4,0.00,2.22,0.00
104.24.168.94,4,4,0.00,2.22,0.00
172.67.192.74,4,4,0.00,2.22,0.00
172.65.155.17,4,4,0.00,2.22,0.00
172.64.75.67,4,4,0.00,2.22,0.00
172.65.237.51,4,4,0.00,2.22,0.00
162.159.247.68,4,4,0.00,2.22,0.00
104.24.36.85,4,4,0.00,2.22,0.00
104.21.59.188,4,4,0.00,2.23,0.00
172.67.138.240,4,4,0.00,2.23,0.00
172.67.255.165,4,4,0.00,2.23,0.00
104.16.38.109,4,4,0.00,2.23,0.00
172.66.40.187,4,4,0.00,2.23,0.00
172.64.69.79,4,4,0.00,2.23,0.00
172.67.153.52,4,4,0.00,2.23,0.00
172.67.131.146,4,4,0.00,2.23,0.00
162.159.4.47,4,4,0.00,2.23,0.00
172.66.164.183,4,4,0.00,2.23,0.00
172.65.222.142,4,4,0.00,2.23,0.00
104.24.6.133,4,4,0.00,2.23,0.00
104.27.9.232,4,4,0.00,2.24,0.00
190.93.246.159,4,4,0.00,2.24,0.00
172.65.42.240,4,4,0.00,2.24,0.00
172.67.240.213,4,4,0.00,2.24,0.00
172.66.159.26,4,4,0.00,2.24,0.00
172.67.206.204,4,4,0.00,2.24,0.00
172.67.191.102,4,4,0.00,2.24,0.00
172.67.115.57,4,4,0.00,2.24,0.00
104.24.11.93,4,4,0.00,2.24,0.00
172.67.106.183,4,4,0.00,2.24,0.00
172.64.189.87,4,4,0.00,2.24,0.00
172.65.255.36,4,4,0.00,2.24,0.00
172.64.95.100,4,4,0.00,2.24,0.00
104.24.31.246,4,4,0.00,2.24,0.00
104.21.42.226,4,4,0.00,2.24,0.00
104.24.26.41,4,4,0.00,2.24,0.00
104.24.67.223,4,4,0.00,2.24,0.00
172.65.199.63,4,4,0.00,2.24,0.00
172.66.44.231,4,4,0.00,2.24,0.00
104.27.81.52,4,4,0.00,2.25,0.00
172.65.180.89,4,4,0.00,2.25,0.00
172.67.215.210,4,4,0.00,2.25,0.00
172.64.34.90,4,4,0.00,2.25,0.00
104.24.238.146,4,4,0.00,2.25,0.00
104.24.61.252,4,4,0.00,2.25,0.00
162.159.212.82,4,4,0.00,2.25,0.00
172.67.198.71,4,4,0.00,2.25,0.00
104.24.79.72,4,4,0.00,2.25,0.00
104.26.0.225,4,4,0.00,2.25,0.00
104.21.21.233,4,4,0.00,2.25,0.00
172.64.68.221,4,4,0.00,2.25,0.00
104.24.85.248,4,4,0.00,2.26,0.00
172.65.213.193,4,4,0.00,2.26,0.00
172.65.34.42,4,4,0.00,2.26,0.00
172.65.138.188,4,4,0.00,2.26,0.00
104.24.3.115,4,4,0.00,2.26,0.00
162.159.143.5,4,4,0.00,2.26,0.00
198.41.200.79,4,4,0.00,2.26,0.00
104.24.201.28,4,4,0.00,2.26,0.00
172.65.162.223,4,4,0.00,2.26,0.00
162.159.230.129,4,4,0.00,2.26,0.00
172.65.143.1,4,4,0.00,2.26,0.00
104.24.182.149,4,4,0.00,2.26,0.00
104.27.79.126,4,4,0.00,2.26,0.00
104.21.45.191,4,4,0.00,2.26,0.00
172.65.32.226,4,4,0.00,2.26,0.00
172.65.75.254,4,4,0.00,2.26,0.00
172.64.185.75,4,4,0.00,2.26,0.00
172.65.37.221,4,4,0.00,2.26,0.00
104.21.214.22,4,4,0.00,2.26,0.00
172.65.190.155,4,4,0.00,2.26,0.00
104.24.224.234,4,4,0.00,2.27,0.00
172.65.90.94,4,4,0.00,2.27,0.00
198.41.206.49,4,4,0.00,2.27,0.00
172.65.137.80,4,4,0.00,2.27,0.00
172.66.156.242,4,4,0.00,2.27,0.00
104.24.13.66,4,4,0.00,2.27,0.00
172.64.187.191,4,4,0.00,2.27,0.00
172.67.228.100,4,4,0.00,2.27,0.00
172.67.102.26,4,4,0.00,2.27,0.00
172.65.202.13,4,4,0.00,2.27,0.00
162.159.20.125,4,4,0.00,2.27,0.00
172.67.253.128,4,4,0.00,2.27,0.00
172.65.119.228,4,4,0.00,2.27,0.00
104.27.10.12,4,4,0.00,2.27,0.00
172.65.18.189,4,4,0.00,2.27,0.00
162.159.235.203,4,4,0.00,2.27,0.00
104.24.55.254,4,4,0.00,2.27,0.00
141.101.123.87,4,4,0.00,2.27,0.00
172.65.193.227,4,4,0.00,2.28,0.00
104.27.75.162,4,4,0.00,2.28,0.00
172.67.248.81,4,4,0.00,2.28,0.00
172.67.169.54,4,4,0.00,2.28,0.00
172.64.84.200,4,4,0.00,2.28,0.00
104.21.228.67,4,4,0.00,2.28,0.00
172.65.140.172,4,4,0.00,2.28,0.00
172.67.227.188,4,4,0.00,2.28,0.00
104.27.54.156,4,4,0.00,2.28,0.00
172.67.190.91,4,4,0.00,2.28,0.00
104.27.82.67,4,4,0.00,2.28,0.00
104.24.56.6,4,4,0.00,2.28,0.00
172.67.141.179,4,4,0.00,2.28,0.00
104.21.230.187,4,4,0.00,2.28,0.00
172.64.176.19,4,4,0.00,2.28,0.00
104.24.42.109,4,4,0.00,2.28,0.00
162.159.93.206,4,4,0.00,2.28,0.00
172.65.142.186,4,4,0.00,2.28,0.00
104.24.43.154,4,4,0.00,2.28,0.00
172.67.144.133,4,4,0.00,2.28,0.00
172.67.184.170,4,4,0.00,2.28,0.00
172.64.101.110,4,4,0.00,2.29,0.00
172.65.43.205,4,4,0.00,2.29,0.00
104.24.131.148,4,4,0.00,2.29,0.00
172.64.148.35,4,4,0.00,2.29,0.00
104.27.97.36,4,4,0.00,2.29,0.00
172.65.121.19,4,4,0.00,2.29,0.00
104.27.107.106,4,4,0.00,2.29,0.00
172.65.214.113,4,4,0.00,2.29,0.00
104.21.215.215,4,4,0.00,2.29,0.00
162.159.25.84,4,4,0.00,2.29,0.00
172.67.212.8,4,4,0.00,2.29,0.00
104.24.74.113,4,4,0.00,2.29,0.00
172.65.225.179,4,4,0.00,2.29,0.00
172.65.210.227,4,4,0.00,2.29,0.00
104.27.24.127,4,4,0.00,2.29,0.00
172.65.198.84,4,4,0.00,2.29,0.00
172.67.118.41,4,4,0.00,2.29,0.00
104.24.176.5,4,4,0.00,2.30,0.00
172.65.238.138,4,4,0.00,2.30,0.00
172.65.139.229,4,4,0.00,2.30,0.00
104.27.12.160,4,4,0.00,2.30,0.00
172.65.106.9,4,4,0.00,2.30,0.00
172.64.76.64,4,4,0.00,2.30,0.00
104.27.93.141,4,4,0.00,2.30,0.00
172.64.82.3,4,4,0.00,2.30,0.00
104.21.25.93,4,4,0.00,2.30,0.00
104.24.59.137,4,4,0.00,2.30,0.00
172.64.89.154,4,4,0.00,2.30,0.00
172.65.249.239,4,4,0.00,2.30,0.00
104.21.80.207,4,4,0.00,2.30,0.00
172.67.193.120,4,4,0.00,2.30,0.00
172.67.100.195,4,4,0.00,2.30,0.00
162.159.141.12,4,4,0.00,2.30,0.00
104.27.27.56,4,4,0.00,2.30,0.00
104.25.24.65,4,4,0.00,2.30,0.00
162.159.133.209,4,4,0.00,2.30,0.00
172.65.132.110,4,4,0.00,2.31,0.00
172.67.179.166,4,4,0.00,2.31,0.00
104.27.18.187,4,4,0.00,2.31,0.00
104.21.204.15,4,4,0.00,2.31,0.00
104.21.198.43,4,4,0.00,2.31,0.00
172.66.150.110,4,4,0.00,2.31,0.00
172.65.240.205,4,4,0.00,2.31,0.00
172.65.63.31,4,4,0.00,2.31,0.00
172.64.42.209,4,4,0.00,2.31,0.00
172.67.225.132,4,4,0.00,2.31,0.00
172.65.181.219,4,4,0.00,2.31,0.00
172.65.28.182,4,4,0.00,2.31,0.00
104.27.195.148,4,4,0.00,2.31,0.00
162.159.41.235,4,4,0.00,2.32,0.00
104.21.224.90,4,4,0.00,2.32,0.00
172.67.186.74,4,4,0.00,2.32,0.00
172.66.45.148,4,4,0.00,2.32,0.00
172.67.245.104,4,4,0.00,2.32,0.00
172.67.126.163,4,4,0.00,2.32,0.00
172.66.172.209,4,4,0.00,2.32,0.00
172.64.98.153,4,4,0.00,2.32,0.00
162.159.56.71,4,4,0.00,2.32,0.00
172.65.147.90,4,4,0.00,2.32,0.00
172.67.112.243,4,4,0.00,2.32,0.00
104.27.0.190,4,4,0.00,2.32,0.00
172.67.162.28,4,4,0.00,2.32,0.00
104.24.72.168,4,4,0.00,2.32,0.00
162.159.36.39,4,4,0.00,2.32,0.00
172.65.98.33,4,4,0.00,2.32,0.00
104.21.229.151,4,4,0.00,2.32,0.00
172.67.91.234,4,4,0.00,2.32,0.00
190.93.244.174,4,4,0.00,2.32,0.00
172.67.103.198,4,4,0.00,2.32,0.00
104.27.207.90,4,4,0.00,2.32,0.00
172.65.185.41,4,4,0.00,2.32,0.00
104.21.10.17,4,4,0.00,2.33,0.00
104.21.211.254,4,4,0.00,2.33,0.00
104.27.193.247,4,4,0.00,2.33,0.00
172.65.131.198,4,4,0.00,2.33,0.00
104.21.33.150,4,4,0.00,2.33,0.00
172.67.135.47,4,4,0.00,2.33,0.00
162.159.202.69,4,4,0.00,2.33,0.00
104.25.139.21,4,4,0.00,2.33,0.00
104.24.70.187,4,4,0.00,2.33,0.00
104.24.9.101,4,4,0.00,2.33,0.00
172.65.228.31,4,4,0.00,2.33,0.00
104.24.38.113,4,4,0.00,2.33,0.00
104.24.77.134,4,4,0.00,2.33,0.00
104.24.57.91,4,4,0.00,2.33,0.00
104.24.71.37,4,4,0.00,2.33,0.00
104.27.26.50,4,4,0.00,2.33,0.00
172.65.27.123,4,4,0.00,2.33,0.00
172.67.213.15,4,4,0.00,2.33,0.00
172.66.47.72,4,4,0.00,2.33,0.00
104.24.133.187,4,4,0.00,2.33,0.00
104.27.206.196,4,4,0.00,2.34,0.00
172.64.36.132,4,4,0.00,2.34,0.00
104.24.24.54,4,4,0.00,2.34,0.00
172.65.209.110,4,4,0.00,2.34,0.00
104.21.196.206,4,4,0.00,2.34,0.00
172.65.159.95,4,4,0.00,2.34,0.00
104.16.22.6,4,4,0.00,2.34,0.00
172.64.81.209,4,4,0.00,2.34,0.00
172.66.1.78,4,4,0.00,2.34,0.00
104.21.8.160,4,4,0.00,2.34,0.00
172.66.170.85,4,4,0.00,2.34,0.00
172.67.165.142,4,4,0.00,2.34,0.00
172.65.232.1,4,4,0.00,2.34,0.00
104.24.153.129,4,4,0.00,2.34,0.00
172.65.133.35,4,4,0.00,2.34,0.00
104.24.167.165,4,4,0.00,2.34,0.00
172.64.229.52,4,4,0.00,2.35,0.00
172.66.158.225,4,4,0.00,2.35,0.00
172.65.39.156,4,4,0.00,2.35,0.00
104.21.32.237,4,4,0.00,2.35,0.00
104.27.86.237,4,4,0.00,2.35,0.00
172.65.30.118,4,4,0.00,2.35,0.00
172.67.181.191,4,4,0.00,2.35,0.00
104.27.125.42,4,4,0.00,2.35,0.00
104.25.173.147,4,4,0.00,2.35,0.00
172.67.224.117,4,4,0.00,2.35,0.00
172.65.22.92,4,4,0.00,2.35,0.00
172.65.229.72,4,4,0.00,2.35,0.00
104.24.145.113,4,4,0.00,2.35,0.00
104.27.77.176,4,4,0.00,2.35,0.00
104.27.100.185,4,4,0.00,2.35,0.00
172.65.208.83,4,4,0.00,2.35,0.00
172.67.236.40,4,4,0.00,2.35,0.00
104.24.22.3,4,4,0.00,2.35,0.00
104.27.196.39,4,4,0.00,2.36,0.00
172.66.153.77,4,4,0.00,2.36,0.00
172.66.144.48,4,4,0.00,2.36,0.00
172.65.231.93,4,4,0.00,2.36,0.00
172.64.235.238,4,4,0.00,2.36,0.00
172.65.248.137,4,4,0.00,2.36,0.00
172.65.245.26,4,4,0.00,2.36,0.00
104.25.244.123,4,4,0.00,2.36,0.00
104.27.62.152,4,4,0.00,2.36,0.00
104.27.57.170,4,4,0.00,2.36,0.00
104.27.5.60,4,4,0.00,2.36,0.00
104.27.119.11,4,4,0.00,2.36,0.00
104.24.25.146,4,4,0.00,2.36,0.00
188.114.97.123,4,4,0.00,2.36,0.00
104.24.18.136,4,4,0.00,2.36,0.00
172.65.192.219,4,4,0.00,2.36,0.00
172.67.163.229,4,4,0.00,2.36,0.00
172.65.125.26,4,4,0.00,2.36,0.00
172.65.136.238,4,4,0.00,2.36,0.00
104.27.121.101,4,4,0.00,2.37,0.00
172.65.40.100,4,4,0.00,2.37,0.00
104.21.78.208,4,4,0.00,2.37,0.00
172.67.166.72,4,4,0.00,2.37,0.00
104.21.203.10,4,4,0.00,2.37,0.00
172.67.241.0,4,4,0.00,2.37,0.00
172.64.96.46,4,4,0.00,2.37,0.00
162.159.129.126,4,4,0.00,2.37,0.00
104.24.83.198,4,4,0.00,2.37,0.00
172.65.216.232,4,4,0.00,2.37,0.00
162.159.95.121,4,4,0.00,2.37,0.00
172.65.252.43,4,4,0.00,2.37,0.00
172.65.127.81,4,4,0.00,2.37,0.00
162.159.18.74,4,4,0.00,2.38,0.00
104.27.87.239,4,4,0.00,2.38,0.00
172.67.197.138,4,4,0.00,2.38,0.00
104.27.1.63,4,4,0.00,2.38,0.00
162.159.27.23,4,4,0.00,2.38,0.00
172.65.23.168,4,4,0.00,2.38,0.00
104.21.201.46,4,4,0.00,2.38,0.00
172.65.135.230,4,4,0.00,2.38,0.00
162.159.0.120,4,4,0.00,2.38,0.00
104.24.95.9,4,4,0.00,2.38,0.00
141.101.90.254,4,4,0.00,2.38,0.00
104.24.208.163,4,4,0.00,2.38,0.00
198.41.203.112,4,4,0.00,2.38,0.00
104.24.76.254,4,4,0.00,2.39,0.00
172.65.184.145,4,4,0.00,2.39,0.00
172.67.110.56,4,4,0.00,2.39,0.00
172.67.67.184,4,4,0.00,2.39,0.00
172.65.103.195,4,4,0.00,2.39,0.00
172.67.173.139,4,4,0.00,2.39,0.00
104.27.197.34,4,4,0.00,2.39,0.00
104.21.17.234,4,4,0.00,2.39,0.00
172.64.158.199,4,4,0.00,2.39,0.00
104.27.78.251,4,4,0.00,2.39,0.00
104.25.249.14,4,4,0.00,2.39,0.00
172.67.154.4,4,4,0.00,2.39,0.00
172.67.235.115,4,4,0.00,2.39,0.00
172.65.57.35,4,4,0.00,2.39,0.00
104.27.37.135,4,4,0.00,2.39,0.00
104.27.13.47,4,4,0.00,2.39,0.00
172.65.31.51,4,4,0.00,2.39,0.00
172.67.68.20,4,4,0.00,2.39,0.00
172.64.35.72,4,4,0.00,2.39,0.00
172.67.123.142,4,4,0.00,2.39,0.00
172.67.133.207,4,4,0.00,2.39,0.00
162.159.6.33,4,4,0.00,2.39,0.00
104.27.34.111,4,4,0.00,2.39,0.00
172.67.122.122,4,4,0.00,2.39,0.00
172.64.188.90,4,4,0.00,2.40,0.00
104.24.8.171,4,4,0.00,2.40,0.00
104.21.41.167,4,4,0.00,2.40,0.00
104.21.26.234,4,4,0.00,2.40,0.00
172.67.94.139,4,4,0.00,2.40,0.00
172.67.152.131,4,4,0.00,2.40,0.00
104.21.27.84,4,4,0.00,2.40,0.00
104.21.47.211,4,4,0.00,2.40,0.00
104.21.6.154,4,4,0.00,2.40,0.00
104.27.41.89,4,4,0.00,2.40,0.00
172.67.219.141,4,4,0.00,2.40,0.00
172.66.157.204,4,4,0.00,2.40,0.00
162.159.135.196,4,4,0.00,2.40,0.00
104.21.91.244,4,4,0.00,2.40,0.00
162.159.239.111,4,4,0.00,2.40,0.00
172.66.171.116,4,4,0.00,2.40,0.00
172.65.110.199,4,4,0.00,2.40,0.00
104.21.197.163,4,4,0.00,2.40,0.00
162.159.92.82,4,4,0.00,2.40,0.00
104.27.204.173,4,4,0.00,2.41,0.00
172.67.243.249,4,4,0.00,2.41,0.00
104.26.4.157,4,4,0.00,2.41,0.00
172.67.71.94,4,4,0.00,2.41,0.00
172.64.159.92,4,4,0.00,2.41,0.00
172.65.164.184,4,4,0.00,2.41,0.00
172.67.196.193,4,4,0.00,2.41,0.00
172.65.194.115,4,4,0.00,2.41,0.00
104.24.44.160,4,4,0.00,2.41,0.00
172.65.189.79,4,4,0.00,2.41,0.00
104.26.15.91,4,4,0.00,2.41,0.00
104.27.122.56,4,4,0.00,2.41,0.00
104.21.106.118,4,4,0.00,2.41,0.00
172.66.42.91,4,4,0.00,2.41,0.00
172.67.105.121,4,4,0.00,2.41,0.00
104.24.181.49,4,4,0.00,2.41,0.00
172.67.216.105,4,4,0.00,2.41,0.00
104.27.205.165,4,4,0.00,2.41,0.00
172.67.185.100,4,4,0.00,2.41,0.00
104.24.89.9,4,4,0.00,2.41,0.00
162.159.245.242,4,4,0.00,2.41,0.00
172.65.146.247,4,4,0.00,2.41,0.00
104.24.7.98,4,4,0.00,2.41,0.00
172.65.204.140,4,4,0.00,2.42,0.00
172.67.172.16,4,4,0.00,2.42,0.00
104.24.197.78,4,4,0.00,2.42,0.00
172.67.104.205,4,4,0.00,2.42,0.00
162.159.3.206,4,4,0.00,2.42,0.00
104.27.49.66,4,4,0.00,2.42,0.00
162.159.94.149,4,4,0.00,2.42,0.00
172.64.150.223,4,4,0.00,2.42,0.00
104.24.27.193,4,4,0.00,2.42,0.00
104.27.32.187,4,4,0.00,2.42,0.00
172.67.93.55,4,4,0.00,2.42,0.00
172.67.202.68,4,4,0.00,2.42,0.00
104.24.160.147,4,4,0.00,2.42,0.00
104.16.28.254,4,4,0.00,2.42,0.00
162.159.142.103,4,4,0.00,2.42,0.00
172.66.173.94,4,4,0.00,2.42,0.00
172.67.249.89,4,4,0.00,2.42,0.00
104.25.149.164,4,4,0.00,2.42,0.00
162.159.61.146,4,4,0.00,2.42,0.00
172.67.161.131,4,4,0.00,2.42,0.00
172.65.243.44,4,4,0.00,2.42,0.00
172.65.200.125,4,4,0.00,2.42,0.00
104.24.14.215,4,4,0.00,2.43,0.00
172.66.146.42,4,4,0.00,2.43,0.00
104.21.31.212,4,4,0.00,2.43,0.00
172.67.239.230,4,4,0.00,2.43,0.00
104.21.209.107,4,4,0.00,2.43,0.00
172.65.195.253,4,4,0.00,2.43,0.00
162.159.60.7,4,4,0.00,2.43,0.00
104.24.154.128,4,4,0.00,2.43,0.00
172.64.147.210,4,4,0.00,2.43,0.00
104.21.232.113,4,4,0.00,2.43,0.00
104.27.16.237,4,4,0.00,2.43,0.00
172.66.162.24,4,4,0.00,2.43,0.00
104.24.146.159,4,4,0.00,2.43,0.00
172.67.199.238,4,4,0.00,2.43,0.00
104.24.73.22,4,4,0.00,2.43,0.00
104.21.227.4,4,4,0.00,2.43,0.00
104.24.129.176,4,4,0.00,2.43,0.00
104.24.136.240,4,4,0.00,2.43,0.00
172.64.232.69,4,4,0.00,2.43,0.00
104.17.161.45,4,4,0.00,2.43,0.00
104.21.3.181,4,4,0.00,2.43,0.00
172.67.254.185,4,4,0.00,2.43,0.00
172.64.74.0,4,4,0.00,2.43,0.00
104.24.58.248,4,4,0.00,2.44,0.00
104.24.149.9,4,4,0.00,2.44,0.00
104.21.23.88,4,4,0.00,2.44,0.00
162.159.244.100,4,4,0.00,2.44,0.00
172.64.86.201,4,4,0.00,2.44,0.00
104.24.178.34,4,4,0.00,2.44,0.00
104.24.86.112,4,4,0.00,2.44,0.00
104.24.207.63,4,4,0.00,2.44,0.00
162.159.128.233,4,4,0.00,2.44,0.00
172.67.92.122,4,4,0.00,2.44,0.00
104.20.49.1,4,4,0.00,2.44,0.00
172.67.145.73,4,4,0.00,2.44,0.00
172.65.26.162,4,4,0.00,2.44,0.00
172.65.93.109,4,4,0.00,2.44,0.00
172.67.69.229,4,4,0.00,2.44,0.00
172.64.46.224,4,4,0.00,2.44,0.00
162.159.51.126,4,4,0.00,2.45,0.00
172.65.179.1,4,4,0.00,2.45,0.00
162.159.48.40,4,4,0.00,2.45,0.00
172.67.120.113,4,4,0.00,2.45,0.00
172.65.227.181,4,4,0.00,2.45,0.00
104.26.12.210,4,4,0.00,2.45,0.00
104.26.11.87,4,4,0.00,2.45,0.00
172.64.154.140,4,4,0.00,2.45,0.00
104.27.66.155,4,4,0.00,2.45,0.00
162.159.136.72,4,4,0.00,2.45,0.00
104.20.60.187,4,4,0.00,2.45,0.00
104.25.210.173,4,4,0.00,2.45,0.00
172.67.134.64,4,4,0.00,2.45,0.00
104.27.31.235,4,4,0.00,2.45,0.00
172.64.94.95,4,4,0.00,2.45,0.00
104.25.115.133,4,4,0.00,2.45,0.00
172.65.130.126,4,4,0.00,2.45,0.00
172.64.146.197,4,4,0.00,2.45,0.00
162.159.90.157,4,4,0.00,2.45,0.00
104.24.33.228,4,4,0.00,2.46,0.00
104.24.45.53,4,4,0.00,2.46,0.00
104.24.246.48,4,4,0.00,2.46,0.00
104.24.84.88,4,4,0.00,2.46,0.00
104.24.62.174,4,4,0.00,2.46,0.00
104.21.213.45,4,4,0.00,2.46,0.00
172.67.194.116,4,4,0.00,2.46,0.00
162.159.91.248,4,4,0.00,2.46,0.00
172.66.175.118,4,4,0.00,2.46,0.00
172.67.127.7,4,4,0.00,2.46,0.00
172.67.211.169,4,4,0.00,2.46,0.00
162.159.12.36,4,4,0.00,2.46,0.00
104.27.19.244,4,4,0.00,2.46,0.00
172.67.142.171,4,4,0.00,2.46,0.00
172.64.88.10,4,4,0.00,2.46,0.00
104.27.113.246,4,4,0.00,2.46,0.00
162.159.58.222,4,4,0.00,2.46,0.00
104.25.247.45,4,4,0.00,2.46,0.00
172.67.107.145,4,4,0.00,2.46,0.00
172.65.122.40,4,4,0.00,2.46,0.00
104.27.124.224,4,4,0.00,2.46,0.00
172.67.125.109,4,4,0.00,2.47,0.00
172.65.72.216,4,4,0.00,2.47,0.00
172.67.170.77,4,4,0.00,2.47,0.00
104.21.40.171,4,4,0.00,2.47,0.00
172.67.244.176,4,4,0.00,2.47,0.00
172.67.176.150,4,4,0.00,2.47,0.00
104.21.4.36,4,4,0.00,2.47,0.00
172.67.234.29,4,4,0.00,2.47,0.00
104.21.233.176,4,4,0.00,2.47,0.00
172.67.109.127,4,4,0.00,2.47,0.00
172.67.132.100,4,4,0.00,2.47,0.00
172.65.81.124,4,4,0.00,2.47,0.00
172.67.113.196,4,4,0.00,2.47,0.00
104.16.46.48,4,4,0.00,2.47,0.00
172.65.188.241,4,4,0.00,2.47,0.00
172.67.226.190,4,4,0.00,2.47,0.00
172.65.141.223,4,4,0.00,2.47,0.00
172.65.68.59,4,4,0.00,2.47,0.00
104.24.87.254,4,4,0.00,2.47,0.00
198.41.205.82,4,4,0.00,2.47,0.00
172.65.197.53,4,4,0.00,2.47,0.00
162.159.22.106,4,4,0.00,2.47,0.00
104.27.21.51,4,4,0.00,2.47,0.00
104.21.7.225,4,4,0.00,2.48,0.00
172.65.21.250,4,4,0.00,2.48,0.00
104.27.73.38,4,4,0.00,2.48,0.00
104.25.159.210,4,4,0.00,2.48,0.00
172.65.16.239,4,4,0.00,2.48,0.00
172.65.230.140,4,4,0.00,2.48,0.00
104.27.111.234,4,4,0.00,2.48,0.00
172.65.129.192,4,4,0.00,2.48,0.00
162.159.23.169,4,4,0.00,2.48,0.00
172.65.191.249,4,4,0.00,2.48,0.00
172.66.43.204,4,4,0.00,2.48,0.00
172.64.79.159,4,4,0.00,2.48,0.00
172.66.167.101,4,4,0.00,2.48,0.00
104.25.242.67,4,4,0.00,2.48,0.00
172.67.237.190,4,4,0.00,2.48,0.00
172.67.204.225,4,4,0.00,2.48,0.00
104.16.74.241,4,4,0.00,2.48,0.00
104.21.60.226,4,4,0.00,2.48,0.00
104.21.220.86,4,4,0.00,2.48,0.00
104.24.28.236,4,4,0.00,2.48,0.00
188.114.99.178,4,4,0.00,2.48,0.00
172.65.182.238,4,4,0.00,2.48,0.00
172.65.112.214,4,4,0.00,2.49,0.00
162.159.153.220,4,4,0.00,2.49,0.00
172.67.114.138,4,4,0.00,2.49,0.00
172.65.145.146,4,4,0.00,2.49,0.00
104.24.69.30,4,4,0.00,2.49,0.00
104.21.217.111,4,4,0.00,2.49,0.00
172.67.101.135,4,4,0.00,2.49,0.00
172.67.232.71,4,4,0.00,2.49,0.00
104.21.192.153,4,4,0.00,2.49,0.00
172.67.146.143,4,4,0.00,2.49,0.00
162.159.199.178,4,4,0.00,2.49,0.00
104.24.15.237,4,4,0.00,2.49,0.00
104.21.207.161,4,4,0.00,2.49,0.00
162.159.251.101,4,4,0.00,2.49,0.00
104.25.162.96,4,4,0.00,2.49,0.00
104.21.200.32,4,4,0.00,2.49,0.00
172.65.107.89,4,4,0.00,2.49,0.00
172.65.52.76,4,4,0.00,2.49,0.00
104.27.104.102,4,4,0.00,2.49,0.00
172.64.83.113,4,4,0.00,2.49,0.00
104.21.20.199,4,4,0.00,2.49,0.00
104.21.102.37,4,4,0.00,2.49,0.00
162.159.7.232,4,4,0.00,2.50,0.00
172.65.239.54,4,4,0.00,2.50,0.00
104.24.65.157,4,4,0.00,2.50,0.00
104.21.61.52,4,4,0.00,2.50,0.00
104.27.2.179,4,4,0.00,2.50,0.00
172.67.72.152,4,4,0.00,2.50,0.00
104.27.39.97,4,4,0.00,2.50,0.00
104.27.48.55,4,4,0.00,2.50,0.00
172.67.137.240,4,4,0.00,2.50,0.00
104.24.81.88,4,4,0.00,2.50,0.00
172.65.253.11,4,4,0.00,2.50,0.00
172.65.224.138,4,4,0.00,2.50,0.00
162.159.207.64,4,4,0.00,2.50,0.00
104.27.88.100,4,4,0.00,2.50,0.00
172.65.156.45,4,4,0.00,2.50,0.00
104.21.234.56,4,4,0.00,2.50,0.00
141.101.113.77,4,4,0.00,2.51,0.00
104.24.152.169,4,4,0.00,2.51,0.00
172.65.111.199,4,4,0.00,2.51,0.00
172.66.145.46,4,4,0.00,2.51,0.00
172.65.254.238,4,4,0.00,2.51,0.00
172.65.154.48,4,4,0.00,2.51,0.00
104.27.99.129,4,4,0.00,2.51,0.00
172.67.87.67,4,4,0.00,2.51,0.00
104.24.164.146,4,4,0.00,2.51,0.00
172.65.118.115,4,4,0.00,2.51,0.00
172.67.97.133,4,4,0.00,2.51,0.00
172.65.134.15,4,4,0.00,2.51,0.00
162.159.237.90,4,4,0.00,2.51,0.00
172.65.206.208,4,4,0.00,2.51,0.00
104.27.3.213,4,4,0.00,2.51,0.00
162.159.205.90,4,4,0.00,2.51,0.00
104.20.55.206,4,4,0.00,2.51,0.00
172.67.140.180,4,4,0.00,2.51,0.00
172.65.65.60,4,4,0.00,2.51,0.00
162.159.32.251,4,4,0.00,2.51,0.00
104.24.53.137,4,4,0.00,2.51,0.00
141.101.114.63,4,4,0.00,2.52,0.00
198.41.217.246,4,4,0.00,2.52,0.00
104.24.23.204,4,4,0.00,2.52,0.00
104.27.203.4,4,4,0.00,2.52,0.00
104.24.29.79,4,4,0.00,2.52,0.00
172.65.74.130,4,4,0.00,2.52,0.00
104.27.106.104,4,4,0.00,2.52,0.00
104.16.6.211,4,4,0.00,2.52,0.00
172.67.177.251,4,4,0.00,2.52,0.00
104.24.4.97,4,4,0.00,2.52,0.00
162.159.1.185,4,4,0.00,2.52,0.00
172.65.242.43,4,4,0.00,2.52,0.00
172.66.151.62,4,4,0.00,2.52,0.00
172.65.71.39,4,4,0.00,2.52,0.00
172.67.85.145,4,4,0.00,2.52,0.00
104.27.96.212,4,4,0.00,2.52,0.00
104.24.41.84,4,4,0.00,2.52,0.00
172.64.184.165,4,4,0.00,2.52,0.00
172.67.222.90,4,4,0.00,2.52,0.00
104.27.101.226,4,4,0.00,2.52,0.00
172.67.151.125,4,4,0.00,2.52,0.00
172.65.117.254,4,4,0.00,2.52,0.00
172.64.40.127,4,4,0.00,2.52,0.00
172.65.47.64,4,4,0.00,2.52,0.00
172.65.2.194,4,4,0.00,2.52,0.00
104.25.240.122,4,4,0.00,2.52,0.00
104.24.134.36,4,4,0.00,2.52,0.00
104.24.32.103,4,4,0.00,2.52,0.00
104.24.202.16,4,4,0.00,2.52,0.00
104.24.60.157,4,4,0.00,2.53,0.00
104.27.108.10,4,4,0.00,2.53,0.00
162.159.19.179,4,4,0.00,2.53,0.00
172.67.220.135,4,4,0.00,2.53,0.00
198.41.214.202,4,4,0.00,2.53,0.00
104.24.143.64,4,4,0.00,2.53,0.00
104.21.226.150,4,4,0.00,2.53,0.00
104.31.16.246,4,4,0.00,2.53,0.00
172.65.38.208,4,4,0.00,2.53,0.00
172.67.148.35,4,4,0.00,2.53,0.00
172.64.90.24,4,4,0.00,2.53,0.00
172.65.24.242,4,4,0.00,2.53,0.00
104.26.7.3,4,4,0.00,2.53,0.00
104.25.255.214,4,4,0.00,2.53,0.00
104.24.159.79,4,4,0.00,2.53,0.00
172.67.203.15,4,4,0.00,2.53,0.00
104.24.163.82,4,4,0.00,2.54,0.00
104.24.49.196,4,4,0.00,2.54,0.00
104.27.112.162,4,4,0.00,2.54,0.00
104.21.199.102,4,4,0.00,2.54,0.00
172.64.145.172,4,4,0.00,2.54,0.00
172.65.91.237,4,4,0.00,2.54,0.00
172.65.217.114,4,4,0.00,2.54,0.00
172.65.73.156,4,4,0.00,2.54,0.00
104.25.251.87,4,4,0.00,2.54,0.00
104.27.51.43,4,4,0.00,2.54,0.00
104.24.54.56,4,4,0.00,2.54,0.00
104.25.231.139,4,4,0.00,2.54,0.00
172.65.66.82,4,4,0.00,2.54,0.00
104.20.42.202,4,4,0.00,2.54,0.00
104.16.19.105,4,4,0.00,2.54,0.00
104.24.193.96,4,4,0.00,2.54,0.00
172.65.45.148,4,4,0.00,2.54,0.00
104.27.115.169,4,4,0.00,2.54,0.00
104.24.148.229,4,4,0.00,2.54,0.00
173.245.59.75,4,4,0.00,2.54,0.00
104.24.30.108,4,4,0.00,2.54,0.00
172.65.150.88,4,4,0.00,2.54,0.00
172.65.61.21,4,4,0.00,2.54,0.00
104.24.161.209,4,4,0.00,2.54,0.00
104.24.135.131,4,4,0.00,2.54,0.00
172.65.100.147,4,4,0.00,2.54,0.00
104.27.92.237,4,4,0.00,2.54,0.00
104.27.59.221,4,4,0.00,2.55,0.00
172.67.187.226,4,4,0.00,2.55,0.00
104.21.216.224,4,4,0.00,2.55,0.00
104.21.236.111,4,4,0.00,2.55,0.00
104.27.56.12,4,4,0.00,2.55,0.00
172.65.49.52,4,4,0.00,2.55,0.00
172.65.177.222,4,4,0.00,2.55,0.00
172.65.144.194,4,4,0.00,2.55,0.00
172.65.123.228,4,4,0.00,2.55,0.00
172.65.167.25,4,4,0.00,2.55,0.00
172.67.158.73,4,4,0.00,2.55,0.00
172.65.176.113,4,4,0.00,2.55,0.00
172.65.62.5,4,4,0.00,2.55,0.00
172.67.124.201,4,4,0.00,2.55,0.00
104.21.205.78,4,4,0.00,2.55,0.00
104.24.150.61,4,4,0.00,2.55,0.00
172.65.124.65,4,4,0.00,2.55,0.00
172.66.46.80,4,4,0.00,2.55,0.00
172.67.233.56,4,4,0.00,2.55,0.00
172.64.47.190,4,4,0.00,2.55,0.00
172.65.149.147,4,4,0.00,2.56,0.00
172.65.219.125,4,4,0.00,2.56,0.00
104.27.25.32,4,4,0.00,2.56,0.00
104.29.130.55,4,4,0.00,2.56,0.00
172.66.154.219,4,4,0.00,2.56,0.00
104.26.14.164,4,4,0.00,2.56,0.00
172.65.166.196,4,4,0.00,2.56,0.00
172.67.89.25,4,4,0.00,2.56,0.00
172.65.165.239,4,4,0.00,2.56,0.00
104.21.55.56,4,4,0.00,2.56,0.00
172.65.76.19,4,4,0.00,2.56,0.00
172.67.168.90,4,4,0.00,2.56,0.00
172.67.201.45,4,4,0.00,2.56,0.00
172.67.143.154,4,4,0.00,2.56,0.00
104.25.221.59,4,4,0.00,2.57,0.00
172.64.156.26,4,4,0.00,2.57,0.00
172.67.180.57,4,4,0.00,2.57,0.00
172.65.95.251,4,4,0.00,2.57,0.00
172.64.97.194,4,4,0.00,2.57,0.00
172.67.251.237,4,4,0.00,2.57,0.00
104.24.205.121,4,4,0.00,2.57,0.00
104.27.83.136,4,4,0.00,2.57,0.00
104.27.11.101,4,4,0.00,2.57,0.00
162.159.8.231,4,4,0.00,2.57,0.00
104.24.158.62,4,4,0.00,2.57,0.00
172.65.178.204,4,4,0.00,2.57,0.00
108.162.192.121,4,4,0.00,2.57,0.00
104.24.245.98,4,4,0.00,2.57,0.00
104.21.126.92,4,4,0.00,2.57,0.00
104.21.225.13,4,4,0.00,2.57,0.00
104.25.187.180,4,4,0.00,2.57,0.00
104.21.34.170,4,4,0.00,2.57,0.00
104.21.11.96,4,4,0.00,2.57,0.00
172.67.223.236,4,4,0.00,2.57,0.00
104.24.211.3,4,4,0.00,2.57,0.00
104.20.61.54,4,4,0.00,2.58,0.00
172.67.88.11,4,4,0.00,2.58,0.00
104.25.223.105,4,4,0.00,2.58,0.00
172.65.218.42,4,4,0.00,2.58,0.00
104.21.210.204,4,4,0.00,2.58,0.00
162.159.46.210,4,4,0.00,2.58,0.00
104.21.109.69,4,4,0.00,2.58,0.00
172.65.109.148,4,4,0.00,2.58,0.00
104.24.151.132,4,4,0.00,2.58,0.00
104.19.110.178,4,4,0.00,2.58,0.00
104.21.195.235,4,4,0.00,2.58,0.00
172.64.72.70,4,4,0.00,2.58,0.00
104.19.216.200,4,4,0.00,2.58,0.00
104.27.53.197,4,4,0.00,2.58,0.00
172.65.101.112,4,4,0.00,2.58,0.00
104.24.139.58,4,4,0.00,2.58,0.00
104.21.219.198,4,4,0.00,2.59,0.00
172.66.3.231,4,4,0.00,2.59,0.00
104.24.128.71,4,4,0.00,2.59,0.00
104.27.85.188,4,4,0.00,2.59,0.00
104.21.1.224,4,4,0.00,2.59,0.00
172.67.178.212,4,4,0.00,2.59,0.00
172.67.128.74,4,4,0.00,2.59,0.00
172.66.147.216,4,4,0.00,2.59,0.00
172.64.157.91,4,4,0.00,2.59,0.00
104.20.63.28,4,4,0.00,2.59,0.00
104.24.47.222,4,4,0.00,2.59,0.00
172.67.238.153,4,4,0.00,2.59,0.00
172.65.99.120,4,4,0.00,2.59,0.00
172.67.229.145,4,4,0.00,2.59,0.00
104.24.17.219,4,4,0.00,2.59,0.00
104.21.39.167,4,4,0.00,2.59,0.00
104.24.188.237,4,4,0.00,2.59,0.00
162.159.49.163,4,4,0.00,2.59,0.00
190.93.245.37,4,4,0.00,2.59,0.00
104.24.177.23,4,4,0.00,2.59,0.00
104.21.237.131,4,4,0.00,2.59,0.00
104.27.29.112,4,4,0.00,2.59,0.00
104.27.84.148,4,4,0.00,2.59,0.00
172.65.0.191,4,4,0.00,2.59,0.00
104.16.51.225,4,4,0.00,2.59,0.00
172.65.163.65,4,4,0.00,2.59,0.00
172.65.92.140,4,4,0.00,2.59,0.00
172.67.205.35,4,4,0.00,2.60,0.00
172.66.160.98,4,4,0.00,2.60,0.00
104.27.7.164,4,4,0.00,2.60,0.00
104.24.180.90,4,4,0.00,2.60,0.00
104.27.35.184,4,4,0.00,2.60,0.00
104.25.201.47,4,4,0.00,2.60,0.00
172.65.221.110,4,4,0.00,2.60,0.00
198.41.209.31,4,4,0.00,2.60,0.00
104.21.22.117,4,4,0.00,2.60,0.00
172.67.250.56,4,4,0.00,2.60,0.00
172.67.65.196,4,4,0.00,2.60,0.00
104.24.52.113,4,4,0.00,2.60,0.00
172.65.207.177,4,4,0.00,2.60,0.00
172.66.169.92,4,4,0.00,2.60,0.00
104.27.72.69,4,4,0.00,2.60,0.00
173.245.49.182,4,4,0.00,2.60,0.00
172.64.149.134,4,4,0.00,2.61,0.00
104.27.109.185,4,4,0.00,2.61,0.00
104.27.30.68,4,4,0.00,2.61,0.00
172.67.164.126,4,4,0.00,2.61,0.00
104.21.218.241,4,4,0.00,2.61,0.00
172.65.186.132,4,4,0.00,2.61,0.00
162.159.42.92,4,4,0.00,2.61,0.00
172.67.64.151,4,4,0.00,2.61,0.00
104.25.236.57,4,4,0.00,2.61,0.00
104.27.22.24,4,4,0.00,2.61,0.00
172.65.50.5,4,4,0.00,2.61,0.00
162.159.57.214,4,4,0.00,2.61,0.00
172.65.83.23,4,4,0.00,2.61,0.00
172.65.172.124,4,4,0.00,2.61,0.00
104.16.44.106,4,4,0.00,2.61,0.00
188.114.98.202,4,4,0.00,2.61,0.00
172.67.207.94,4,4,0.00,2.61,0.00
172.66.2.172,4,4,0.00,2.62,0.00
104.27.76.227,4,4,0.00,2.62,0.00
172.65.247.122,4,4,0.00,2.62,0.00
104.27.110.73,4,4,0.00,2.62,0.00
104.21.71.32,4,4,0.00,2.62,0.00
172.65.250.202,4,4,0.00,2.62,0.00
172.67.80.60,4,4,0.00,2.62,0.00
104.27.123.132,4,4,0.00,2.62,0.00
172.65.56.13,4,4,0.00,2.62,0.00
172.67.208.22,4,4,0.00,2.62,0.00
104.24.140.82,4,4,0.00,2.62,0.00
104.25.151.1,4,4,0.00,2.62,0.00
172.67.74.69,4,4,0.00,2.62,0.00
172.67.139.242,4,4,0.00,2.62,0.00
104.17.47.70,4,4,0.00,2.62,0.00
104.27.74.46,4,4,0.00,2.62,0.00
104.24.82.151,4,4,0.00,2.62,0.00
172.64.93.8,4,4,0.00,2.62,0.00
172.65.234.217,4,4,0.00,2.63,0.00
162.159.232.238,4,4,0.00,2.63,0.00
162.159.140.13,4,4,0.00,2.63,0.00
172.65.25.13,4,4,0.00,2.63,0.00
104.21.82.166,4,4,0.00,2.63,0.00
162.159.15.54,4,4,0.00,2.63,0.00
104.26.10.73,4,4,0.00,2.63,0.00
104.25.85.230,4,4,0.00,2.63,0.00
172.65.87.165,4,4,0.00,2.63,0.00
104.21.208.188,4,4,0.00,2.63,0.00
108.162.194.121,4,4,0.00,2.63,0.00
172.65.85.220,4,4,0.00,2.63,0.00
104.25.19.247,4,4,0.00,2.63,0.00
172.64.234.98,4,4,0.00,2.64,0.00
162.159.252.97,4,4,0.00,2.64,0.00
104.26.9.29,4,4,0.00,2.64,0.00
104.27.192.126,4,4,0.00,2.64,0.00
172.65.13.133,4,4,0.00,2.64,0.00
172.65.196.74,4,4,0.00,2.64,0.00
162.159.21.53,4,4,0.00,2.64,0.00
104.24.175.167,4,4,0.00,2.64,0.00
162.159.198.155,4,4,0.00,2.64,0.00
162.159.34.131,4,4,0.00,2.64,0.00
104.24.51.101,4,4,0.00,2.64,0.00
104.21.116.11,4,4,0.00,2.64,0.00
172.65.161.145,4,4,0.00,2.65,0.00
172.65.114.124,4,4,0.00,2.65,0.00
172.64.66.132,4,4,0.00,2.65,0.00
172.65.173.167,4,4,0.00,2.65,0.00
104.27.201.75,4,4,0.00,2.65,0.00
172.65.51.162,4,4,0.00,2.65,0.00
104.27.6.220,4,4,0.00,2.65,0.00
104.21.193.168,4,4,0.00,2.65,0.00
104.25.91.155,4,4,0.00,2.65,0.00
104.25.192.129,4,4,0.00,2.65,0.00
172.67.81.95,4,4,0.00,2.65,0.00
104.27.95.47,4,4,0.00,2.65,0.00
104.24.50.8,4,4,0.00,2.65,0.00
172.67.96.217,4,4,0.00,2.65,0.00
104.25.212.63,4,4,0.00,2.65,0.00
104.26.6.67,4,4,0.00,2.65,0.00
104.27.116.42,4,4,0.00,2.65,0.00
104.25.232.218,4,4,0.00,2.65,0.00
104.27.80.131,4,4,0.00,2.65,0.00
172.65.6.180,4,4,0.00,2.66,0.00
104.24.5.132,4,4,0.00,2.66,0.00
104.25.215.237,4,4,0.00,2.66,0.00
162.159.9.171,4,4,0.00,2.66,0.00
104.24.137.30,4,4,0.00,2.66,0.00
172.65.9.33,4,4,0.00,2.66,0.00
104.24.2.138,4,4,0.00,2.66,0.00
104.21.0.28,4,4,0.00,2.66,0.00
104.25.220.182,4,4,0.00,2.66,0.00
104.24.213.108,4,4,0.00,2.66,0.00
172.65.46.68,4,4,0.00,2.66,0.00
172.65.10.192,4,4,0.00,2.66,0.00
104.24.39.163,4,4,0.00,2.66,0.00
104.21.222.71,4,4,0.00,2.67,0.00
104.21.85.65,4,4,0.00,2.67,0.00
162.159.240.55,4,4,0.00,2.67,0.00
104.21.212.67,4,4,0.00,2.67,0.00
104.27.42.99,4,4,0.00,2.67,0.00
172.67.108.189,4,4,0.00,2.67,0.00
104.17.93.136,4,4,0.00,2.67,0.00
172.65.11.91,4,4,0.00,2.67,0.00
172.65.128.209,4,4,0.00,2.67,0.00
172.65.244.222,4,4,0.00,2.67,0.00
173.245.58.66,4,4,0.00,2.67,0.00
172.65.168.207,4,4,0.00,2.67,0.00
104.19.68.138,4,4,0.00,2.67,0.00
172.65.7.72,4,4,0.00,2.67,0.00
172.65.84.142,4,4,0.00,2.67,0.00
104.19.246.10,4,4,0.00,2.67,0.00
172.67.210.78,4,4,0.00,2.67,0.00
104.24.232.214,4,4,0.00,2.68,0.00
104.24.141.22,4,4,0.00,2.68,0.00
104.27.60.136,4,4,0.00,2.68,0.00
104.21.15.106,4,4,0.00,2.68,0.00
104.25.142.163,4,4,0.00,2.68,0.00
104.16.26.204,4,4,0.00,2.68,0.00
104.27.67.9,4,4,0.00,2.68,0.00
104.27.44.201,4,4,0.00,2.68,0.00
104.21.73.32,4,4,0.00,2.68,0.00
104.16.4.210,4,4,0.00,2.68,0.00
104.20.45.187,4,4,0.00,2.68,0.00
104.21.90.80,4,4,0.00,2.68,0.00
104.25.118.205,4,4,0.00,2.68,0.00
104.24.185.124,4,4,0.00,2.68,0.00
172.67.136.224,4,4,0.00,2.69,0.00
104.20.34.253,4,4,0.00,2.69,0.00
104.21.64.19,4,4,0.00,2.69,0.00
104.19.6.21,4,4,0.00,2.69,0.00
104.16.67.26,4,4,0.00,2.69,0.00
104.16.10.87,4,4,0.00,2.69,0.00
104.25.34.218,4,4,0.00,2.69,0.00
104.27.63.48,4,4,0.00,2.69,0.00
104.16.40.14,4,4,0.00,2.69,0.00
104.21.97.246,4,4,0.00,2.69,0.00
104.21.9.17,4,4,0.00,2.69,0.00
172.65.115.153,4,4,0.00,2.69,0.00
104.25.206.148,4,4,0.00,2.69,0.00
172.66.155.147,4,4,0.00,2.69,0.00
172.65.79.46,4,4,0.00,2.69,0.00
104.17.102.173,4,4,0.00,2.70,0.00
104.25.157.47,4,4,0.00,2.70,0.00
104.25.148.34,4,4,0.00,2.70,0.00
172.65.3.22,4,4,0.00,2.70,0.00
104.25.26.193,4,4,0.00,2.70,0.00
172.67.149.8,4,4,0.00,2.70,0.00
172.67.252.153,4,4,0.00,2.70,0.00
104.24.192.70,4,4,0.00,2.70,0.00
172.67.83.4,4,4,0.00,2.70,0.00
162.159.196.125,4,4,0.00,2.70,0.00
104.24.155.198,4,4,0.00,2.71,0.00
104.21.99.100,4,4,0.00,2.71,0.00
104.25.228.43,4,4,0.00,2.71,0.00
172.64.231.222,4,4,0.00,2.71,0.00
104.17.253.102,4,4,0.00,2.71,0.00
104.27.47.178,4,4,0.00,2.71,0.00
104.21.121.128,4,4,0.00,2.71,0.00
104.24.157.32,4,4,0.00,2.71,0.00
162.159.17.26,4,4,0.00,2.71,0.00
172.67.200.109,4,4,0.00,2.71,0.00
198.41.202.80,4,4,0.00,2.71,0.00
172.67.217.135,4,4,0.00,2.71,0.00
172.67.183.63,4,4,0.00,2.71,0.00
104.25.90.30,4,4,0.00,2.71,0.00
172.65.126.146,4,4,0.00,2.71,0.00
104.17.65.116,4,4,0.00,2.71,0.00
104.27.69.41,4,4,0.00,2.71,0.00
104.21.96.93,4,4,0.00,2.72,0.00
104.25.35.4,4,4,0.00,2.72,0.00
104.21.235.182,4,4,0.00,2.72,0.00
104.24.235.24,4,4,0.00,2.72,0.00
172.65.158.213,4,4,0.00,2.72,0.00
172.65.78.24,4,4,0.00,2.72,0.00
104.21.43.13,4,4,0.00,2.72,0.00
104.17.190.169,4,4,0.00,2.72,0.00
172.67.247.243,4,4,0.00,2.72,0.00
172.66.166.254,4,4,0.00,2.72,0.00
172.65.96.191,4,4,0.00,2.72,0.00
172.65.19.249,4,4,0.00,2.72,0.00
104.26.5.103,4,4,0.00,2.72,0.00
104.17.246.196,4,4,0.00,2.73,0.00
104.21.194.187,4,4,0.00,2.73,0.00
162.159.229.235,4,4,0.00,2.73,0.00
104.24.142.76,4,4,0.00,2.73,0.00
162.159.24.199,4,4,0.00,2.73,0.00
172.65.15.71,4,4,0.00,2.73,0.00
104.24.0.80,4,4,0.00,2.73,0.00
172.65.67.236,4,4,0.00,2.73,0.00
104.18.38.249,4,4,0.00,2.73,0.00
104.26.8.251,4,4,0.00,2.73,0.00
104.25.237.4,4,4,0.00,2.73,0.00
172.67.73.75,4,4,0.00,2.74,0.00
104.24.162.196,4,4,0.00,2.74,0.00
108.162.196.219,4,4,0.00,2.74,0.00
104.16.7.16,4,4,0.00,2.74,0.00
172.64.87.114,4,4,0.00,2.74,0.00
172.66.41.216,4,4,0.00,2.74,0.00
104.16.1.39,4,4,0.00,2.74,0.00
162.159.192.183,4,4,0.00,2.74,0.00
104.21.62.101,4,4,0.00,2.74,0.00
190.93.247.104,4,4,0.00,2.74,0.00
104.25.238.153,4,4,0.00,2.74,0.00
104.27.194.34,4,4,0.00,2.74,0.00
172.65.70.156,4,4,0.00,2.75,0.00
104.25.202.199,4,4,0.00,2.75,0.00
162.159.242.2,4,4,0.00,2.75,0.00
104.20.37.223,4,4,0.00,2.75,0.00
104.21.28.127,4,4,0.00,2.75,0.00
104.25.219.198,4,4,0.00,2.75,0.00
172.67.214.46,4,4,0.00,2.75,0.00
172.65.1.68,4,4,0.00,2.75,0.00
104.27.126.198,4,4,0.00,2.75,0.00
104.27.68.252,4,4,0.00,2.75,0.00
104.27.65.9,4,4,0.00,2.75,0.00
104.24.221.35,4,4,0.00,2.75,0.00
104.24.172.41,4,4,0.00,2.75,0.00
104.24.230.180,4,4,0.00,2.75,0.00
104.24.12.169,4,4,0.00,2.76,0.00
104.24.170.176,4,4,0.00,2.76,0.00
198.41.207.65,4,4,0.00,2.76,0.00
104.27.103.223,4,4,0.00,2.76,0.00
104.21.66.245,4,4,0.00,2.76,0.00
172.64.155.34,4,4,0.00,2.76,0.00
172.64.49.220,4,4,0.00,2.76,0.00
104.21.68.182,4,4,0.00,2.76,0.00
104.21.202.254,4,4,0.00,2.76,0.00
104.27.46.148,4,4,0.00,2.76,0.00
172.64.152.177,4,4,0.00,2.76,0.00
104.20.44.79,4,4,0.00,2.76,0.00
104.20.58.170,4,4,0.00,2.76,0.00
162.159.35.182,4,4,0.00,2.76,0.00
172.65.44.152,4,4,0.00,2.77,0.00
104.19.255.79,4,4,0.00,2.77,0.00
104.24.249.227,4,4,0.00,2.77,0.00
104.16.0.11,4,4,0.00,2.77,0.00
162.159.236.67,4,4,0.00,2.77,0.00
104.17.243.147,4,4,0.00,2.77,0.00
104.25.254.103,4,4,0.00,2.78,0.00
162.159.130.245,4,4,0.00,2.78,0.00
104.25.222.208,4,4,0.00,2.78,0.00
104.27.114.193,4,4,0.00,2.78,0.00
104.25.214.129,4,4,0.00,2.78,0.00
162.159.248.51,4,4,0.00,2.78,0.00
162.159.43.42,4,4,0.00,2.78,0.00
104.21.95.238,4,4,0.00,2.78,0.00
104.26.13.146,4,4,0.00,2.78,0.00
172.65.223.0,4,4,0.00,2.78,0.00
162.159.152.205,4,4,0.00,2.78,0.00
104.24.195.227,4,4,0.00,2.78,0.00
104.25.243.21,4,4,0.00,2.78,0.00
162.159.228.160,4,4,0.00,2.79,0.00
172.65.183.158,4,4,0.00,2.79,0.00
172.65.8.229,4,4,0.00,2.79,0.00
162.159.206.237,4,4,0.00,2.79,0.00
104.25.209.26,4,4,0.00,2.79,0.00
104.25.172.112,4,4,0.00,2.79,0.00
104.20.43.172,4,4,0.00,2.79,0.00
172.67.156.118,4,4,0.00,2.79,0.00
104.27.20.110,4,4,0.00,2.79,0.00
104.27.45.51,4,4,0.00,2.79,0.00
104.25.204.163,4,4,0.00,2.79,0.00
162.159.2.174,4,4,0.00,2.79,0.00
162.159.13.241,4,4,0.00,2.79,0.00
188.114.96.234,4,4,0.00,2.80,0.00
104.21.118.118,4,4,0.00,2.80,0.00
104.16.191.115,4,4,0.00,2.80,0.00
104.18.83.178,4,4,0.00,2.80,0.00
104.24.40.75,4,4,0.00,2.80,0.00
104.17.97.87,4,4,0.00,2.80,0.00
104.25.248.56,4,4,0.00,2.80,0.00
104.25.74.65,4,4,0.00,2.80,0.00
104.16.50.178,4,4,0.00,2.80,0.00
104.16.43.2,4,4,0.00,2.80,0.00
172.65.148.68,4,4,0.00,2.80,0.00
104.25.176.81,4,4,0.00,2.81,0.00
104.21.206.189,4,4,0.00,2.81,0.00
104.17.219.183,4,4,0.00,2.81,0.00
172.67.98.183,4,4,0.00,2.81,0.00
104.27.4.23,4,4,0.00,2.81,0.00
104.21.111.233,4,4,0.00,2.81,0.00
104.25.229.173,4,4,0.00,2.81,0.00
172.65.14.81,4,4,0.00,2.81,0.00
104.25.160.162,4,4,0.00,2.81,0.00
162.159.193.143,4,4,0.00,2.81,0.00
104.24.171.252,4,4,0.00,2.81,0.00
104.21.50.237,4,4,0.00,2.81,0.00
104.20.23.254,4,4,0.00,2.81,0.00
172.67.195.168,4,4,0.00,2.81,0.00
104.25.246.197,4,4,0.00,2.81,0.00
104.25.253.178,4,4,0.00,2.81,0.00
172.65.105.181,4,4,0.00,2.82,0.00
104.20.52.72,4,4,0.00,2.82,0.00
104.16.11.98,4,4,0.00,2.82,0.00
104.27.61.226,4,4,0.00,2.82,0.00
104.24.219.157,4,4,0.00,2.82,0.00
104.24.231.115,4,4,0.00,2.82,0.00
172.65.55.36,4,4,0.00,2.82,0.00
104.16.12.187,4,4,0.00,2.82,0.00
172.65.5.234,4,4,0.00,2.82,0.00
104.25.190.139,4,4,0.00,2.82,0.00
172.67.147.96,4,4,0.00,2.83,0.00
104.18.43.235,4,4,0.00,2.83,0.00
104.27.105.207,4,4,0.00,2.83,0.00
104.25.252.52,4,4,0.00,2.83,0.00
104.20.48.76,4,4,0.00,2.83,0.00
104.19.200.211,4,4,0.00,2.83,0.00
104.18.68.235,4,4,0.00,2.84,0.00
104.24.191.49,4,4,0.00,2.84,0.00
104.16.196.229,4,4,0.00,2.84,0.00
104.25.120.77,4,4,0.00,2.84,0.00
104.25.83.171,4,4,0.00,2.84,0.00
104.19.199.53,4,4,0.00,2.84,0.00
104.19.109.165,4,4,0.00,2.84,0.00
104.18.152.0,4,4,0.00,2.84,0.00
104.24.222.128,4,4,0.00,2.84,0.00
104.24.173.73,4,4,0.00,2.84,0.00
172.67.209.126,4,4,0.00,2.84,0.00
172.65.48.253,4,4,0.00,2.84,0.00
104.21.29.32,4,4,0.00,2.84,0.00
104.26.2.153,4,4,0.00,2.85,0.00
104.25.191.185,4,4,0.00,2.85,0.00
162.159.197.4,4,4,0.00,2.85,0.00
104.24.196.143,4,4,0.00,2.85,0.00
104.24.189.20,4,4,0.00,2.85,0.00
104.17.242.157,4,4,0.00,2.85,0.00
172.67.86.69,4,4,0.00,2.85,0.00
104.20.41.132,4,4,0.00,2.85,0.00
104.25.239.109,4,4,0.00,2.85,0.00
104.24.242.165,4,4,0.00,2.85,0.00
104.25.218.162,4,4,0.00,2.85,0.00
172.65.4.48,4,4,0.00,2.85,0.00
104.27.55.48,4,4,0.00,2.86,0.00
172.66.163.92,4,4,0.00,2.86,0.00
104.21.117.51,4,4,0.00,2.86,0.00
162.159.234.63,4,4,0.00,2.86,0.00
162.159.246.177,4,4,0.00,2.86,0.00
104.25.27.155,4,4,0.00,2.86,0.00
104.17.157.233,4,4,0.00,2.86,0.00
104.26.1.122,4,4,0.00,2.86,0.00
172.67.82.232,4,4,0.00,2.86,0.00
104.21.14.77,4,4,0.00,2.86,0.00
104.21.77.167,4,4,0.00,2.86,0.00
104.21.101.54,4,4,0.00,2.86,0.00
104.25.211.240,4,4,0.00,2.86,0.00
104.25.184.161,4,4,0.00,2.86,0.00
104.19.87.48,4,4,0.00,2.87,0.00
104.21.65.155,4,4,0.00,2.87,0.00
104.21.76.250,4,4,0.00,2.87,0.00
104.24.228.172,4,4,0.00,2.87,0.00
104.25.230.205,4,4,0.00,2.87,0.00
104.21.49.51,4,4,0.00,2.87,0.00
104.25.68.253,4,4,0.00,2.87,0.00
104.19.252.172,4,4,0.00,2.87,0.00
104.27.33.232,4,4,0.00,2.88,0.00
198.41.216.232,4,4,0.00,2.88,0.00
104.25.132.174,4,4,0.00,2.88,0.00
104.21.58.89,4,4,0.00,2.88,0.00
104.17.116.220,4,4,0.00,2.88,0.00
104.25.193.122,4,4,0.00,2.88,0.00
104.21.72.201,4,4,0.00,2.88,0.00
104.24.179.193,4,4,0.00,2.88,0.00
104.25.180.231,4,4,0.00,2.88,0.00
104.16.173.175,4,4,0.00,2.88,0.00
162.159.250.124,4,4,0.00,2.88,0.00
172.65.12.180,4,4,0.00,2.88,0.00
172.65.20.53,4,4,0.00,2.88,0.00
104.25.116.200,4,4,0.00,2.88,0.00
104.16.184.2,4,4,0.00,2.89,0.00
162.159.195.118,4,4,0.00,2.89,0.00
172.65.60.143,4,4,0.00,2.89,0.00
162.159.255.159,4,4,0.00,2.89,0.00
104.21.69.111,4,4,0.00,2.89,0.00
172.67.79.238,4,4,0.00,2.89,0.00
108.162.193.5,4,4,0.00,2.89,0.00
104.25.0.12,4,4,0.00,2.89,0.00
104.21.98.117,4,4,0.00,2.89,0.00
104.16.8.205,4,4,0.00,2.89,0.00
104.20.11.205,4,4,0.00,2.89,0.00
104.25.245.54,4,4,0.00,2.89,0.00
104.27.94.67,4,4,0.00,2.90,0.00
104.27.43.167,4,4,0.00,2.90,0.00
104.20.62.148,4,4,0.00,2.90,0.00
104.25.156.99,4,4,0.00,2.90,0.00
104.21.44.4,4,4,0.00,2.90,0.00
104.25.22.41,4,4,0.00,2.90,0.00
104.25.226.36,4,4,0.00,2.90,0.00
104.24.194.212,4,4,0.00,2.90,0.00
104.16.204.216,4,4,0.00,2.91,0.00
172.64.32.125,4,4,0.00,2.91,0.00
104.25.224.129,4,4,0.00,2.91,0.00
172.64.230.68,4,4,0.00,2.91,0.00
104.25.121.193,4,4,0.00,2.91,0.00
104.21.46.117,4,4,0.00,2.91,0.00
162.159.249.62,4,4,0.00,2.91,0.00
104.18.11.162,4,4,0.00,2.91,0.00
104.18.77.250,4,4,0.00,2.92,0.00
104.24.48.75,4,4,0.00,2.92,0.00
104.17.240.135,4,4,0.00,2.92,0.00
172.67.76.156,4,4,0.00,2.92,0.00
104.25.108.254,4,4,0.00,2.92,0.00
104.25.7.205,4,4,0.00,2.92,0.00
104.20.47.119,4,4,0.00,2.92,0.00
104.25.217.203,4,4,0.00,2.92,0.00
172.64.41.197,4,4,0.00,2.92,0.00
104.24.229.239,4,4,0.00,2.92,0.00
104.25.125.156,4,4,0.00,2.92,0.00
104.16.199.183,4,4,0.00,2.92,0.00
104.21.88.202,4,4,0.00,2.93,0.00
104.17.154.56,4,4,0.00,2.93,0.00
104.20.17.41,4,4,0.00,2.93,0.00
104.24.252.250,4,4,0.00,2.93,0.00
104.21.57.53,4,4,0.00,2.93,0.00
172.64.144.116,4,4,0.00,2.94,0.00
104.25.195.152,4,4,0.00,2.94,0.00
104.21.56.152,4,4,0.00,2.94,0.00
104.25.227.252,4,4,0.00,2.94,0.00
104.17.98.137,4,4,0.00,2.94,0.00
104.25.129.185,4,4,0.00,2.94,0.00
198.41.218.38,4,4,0.00,2.94,0.00
104.19.5.17,4,4,0.00,2.94,0.00
104.25.81.203,4,4,0.00,2.94,0.00
104.24.190.30,4,4,0.00,2.94,0.00
104.19.198.219,4,4,0.00,2.94,0.00
104.19.39.147,4,4,0.00,2.95,0.00
104.27.64.162,4,4,0.00,2.95,0.00
104.24.239.63,4,4,0.00,2.95,0.00
104.24.251.76,4,4,0.00,2.95,0.00
104.25.233.63,4,4,0.00,2.95,0.00
104.24.233.44,4,4,0.00,2.95,0.00
104.20.24.4,4,4,0.00,2.95,0.00
104.16.208.9,4,4,0.00,2.95,0.00
104.25.146.196,4,4,0.00,2.95,0.00
172.65.174.119,4,4,0.00,2.96,0.00
104.24.206.84,4,4,0.00,2.96,0.00
104.16.15.134,4,4,0.00,2.96,0.00
104.24.217.131,4,4,0.00,2.96,0.00
104.21.84.80,4,4,0.00,2.96,0.00
104.20.51.218,4,4,0.00,2.96,0.00
104.24.223.38,4,4,0.00,2.96,0.00
104.24.241.1,4,4,0.00,2.96,0.00
104.17.21.71,4,4,0.00,2.97,0.00
198.41.208.62,4,4,0.00,2.97,0.00
104.17.129.195,4,4,0.00,2.97,0.00
104.27.50.4,4,4,0.00,2.97,0.00
104.16.104.184,4,4,0.00,2.97,0.00
104.18.146.37,4,4,0.00,2.98,0.00
104.25.177.184,4,4,0.00,2.98,0.00
104.19.30.45,4,4,0.00,2.98,0.00
104.19.48.241,4,4,0.00,2.98,0.00
104.27.8.47,4,4,0.00,2.98,0.00
172.65.59.183,4,4,0.00,2.98,0.00
104.25.175.51,4,4,0.00,2.98,0.00
104.17.22.225,4,4,0.00,2.98,0.00
104.21.87.92,4,4,0.00,2.98,0.00
104.25.225.233,4,4,0.00,2.98,0.00
104.17.94.6,4,4,0.00,2.98,0.00
104.27.36.199,4,4,0.00,2.99,0.00
104.25.167.17,4,4,0.00,2.99,0.00
104.21.119.230,4,4,0.00,2.99,0.00
104.25.203.241,4,4,0.00,2.99,0.00
104.19.204.228,4,4,0.00,2.99,0.00
104.25.198.110,4,4,0.00,2.99,0.00
141.101.122.127,4,4,0.00,2.99,0.00
104.16.92.79,4,4,0.00,2.99,0.00
104.21.51.57,4,4,0.00,2.99,0.00
104.21.108.155,4,4,0.00,2.99,0.00
104.21.123.122,4,4,0.00,2.99,0.00
104.16.5.133,4,4,0.00,2.99,0.00
104.24.203.123,4,4,0.00,2.99,0.00
104.25.155.224,4,4,0.00,3.00,0.00
104.25.15.91,4,4,0.00,3.00,0.00
104.17.213.121,4,4,0.00,3.00,0.00
104.25.29.152,4,4,0.00,3.00,0.00
104.25.131.71,4,4,0.00,3.00,0.00
104.25.21.140,4,4,0.00,3.00,0.00
141.101.121.134,4,4,0.00,3.00,0.00
104.20.29.12,4,4,0.00,3.00,0.00
104.27.28.234,4,4,0.00,3.00,0.00
104.25.208.131,4,4,0.00,3.00,0.00
104.18.32.70,4,4,0.00,3.01,0.00
104.25.153.65,4,4,0.00,3.01,0.00
104.21.70.24,4,4,0.00,3.01,0.00
162.159.254.198,4,4,0.00,3.01,0.00
104.25.62.65,4,4,0.00,3.01,0.00
104.25.52.70,4,4,0.00,3.01,0.00
104.21.113.208,4,4,0.00,3.01,0.00
104.17.33.110,4,4,0.00,3.01,0.00
172.66.168.5,4,4,0.00,3.01,0.00
104.21.115.131,4,4,0.00,3.01,0.00
104.17.58.111,4,4,0.00,3.01,0.00
104.24.204.32,4,4,0.00,3.02,0.00
104.18.234.128,4,4,0.00,3.02,0.00
104.27.70.19,4,4,0.00,3.02,0.00
104.19.161.184,4,4,0.00,3.02,0.00
104.21.30.59,4,4,0.00,3.02,0.00
172.64.151.54,4,4,0.00,3.02,0.00
104.19.187.123,4,4,0.00,3.02,0.00
172.65.35.177,4,4,0.00,3.02,0.00
104.19.154.158,4,4,0.00,3.02,0.00
198.41.222.150,4,4,0.00,3.02,0.00
104.25.189.238,4,4,0.00,3.02,0.00
104.19.57.87,4,4,0.00,3.02,0.00
104.16.177.218,4,4,0.00,3.02,0.00
104.25.135.154,4,4,0.00,3.02,0.00
198.41.223.207,4,4,0.00,3.02,0.00
104.20.59.143,4,4,0.00,3.03,0.00
172.67.75.178,4,4,0.00,3.03,0.00
104.25.51.142,4,4,0.00,3.03,0.00
104.25.60.226,4,4,0.00,3.03,0.00
104.20.19.189,4,4,0.00,3.03,0.00
104.19.233.226,4,4,0.00,3.03,0.00
104.20.2.250,4,4,0.00,3.03,0.00
172.67.77.179,4,4,0.00,3.03,0.00
104.16.75.114,4,4,0.00,3.04,0.00
104.19.83.170,4,4,0.00,3.04,0.00
104.21.53.166,4,4,0.00,3.04,0.00
104.25.96.74,4,4,0.00,3.04,0.00
104.16.14.25,4,4,0.00,3.05,0.00
104.25.17.125,4,4,0.00,3.05,0.00
104.25.25.140,4,4,0.00,3.05,0.00
104.20.13.138,4,4,0.00,3.05,0.00
104.17.120.5,4,4,0.00,3.06,0.00
104.19.195.193,4,4,0.00,3.06,0.00
104.19.223.31,4,4,0.00,3.06,0.00
104.25.46.101,4,4,0.00,3.06,0.00
104.27.89.3,4,4,0.00,3.06,0.00
104.21.54.25,4,4,0.00,3.06,0.00
104.16.33.40,4,4,0.00,3.06,0.00
104.24.46.68,4,4,0.00,3.06,0.00
104.18.54.203,4,4,0.00,3.06,0.00
104.21.89.185,4,4,0.00,3.06,0.00
104.25.183.153,4,4,0.00,3.06,0.00
104.17.20.192,4,4,0.00,3.06,0.00
104.24.212.187,4,4,0.00,3.06,0.00
198.41.215.105,4,4,0.00,3.06,0.00
104.19.156.170,4,4,0.00,3.06,0.00
104.25.78.212,4,4,0.00,3.07,0.00
104.16.105.174,4,4,0.00,3.07,0.00
104.16.73.41,4,4,0.00,3.07,0.00
104.18.76.175,4,4,0.00,3.07,0.00
104.25.63.173,4,4,0.00,3.07,0.00
104.19.239.241,4,4,0.00,3.07,0.00
104.17.27.230,4,4,0.00,3.07,0.00
104.16.3.190,4,4,0.00,3.07,0.00
104.25.182.21,4,4,0.00,3.07,0.00
104.25.169.223,4,4,0.00,3.07,0.00
104.25.150.52,4,4,0.00,3.08,0.00
162.159.16.132,4,4,0.00,3.08,0.00
104.21.92.42,4,4,0.00,3.08,0.00
198.41.199.56,4,4,0.00,3.08,0.00
104.19.67.253,4,4,0.00,3.08,0.00
104.24.236.132,4,4,0.00,3.08,0.00
104.25.185.251,4,4,0.00,3.08,0.00
104.16.200.150,4,4,0.00,3.08,0.00
104.25.199.183,4,4,0.00,3.08,0.00
104.24.240.239,4,4,0.00,3.09,0.00
104.17.51.127,4,4,0.00,3.09,0.00
104.21.103.173,4,4,0.00,3.09,0.00
104.25.164.96,4,4,0.00,3.09,0.00
104.25.235.73,4,4,0.00,3.09,0.00
104.16.13.201,4,4,0.00,3.09,0.00
104.25.110.202,4,4,0.00,3.09,0.00
104.16.9.231,4,4,0.00,3.09,0.00
104.25.98.76,4,4,0.00,3.09,0.00
172.67.84.122,4,4,0.00,3.09,0.00
104.18.33.212,4,4,0.00,3.09,0.00
104.25.241.224,4,4,0.00,3.10,0.00
104.19.242.45,4,4,0.00,3.10,0.00
104.20.46.59,4,4,0.00,3.10,0.00
104.18.223.169,4,4,0.00,3.11,0.00
104.24.215.14,4,4,0.00,3.11,0.00
104.18.60.193,4,4,0.00,3.11,0.00
104.20.40.204,4,4,0.00,3.11,0.00
104.16.190.1,4,4,0.00,3.11,0.00
104.25.23.152,4,4,0.00,3.11,0.00
104.17.156.136,4,4,0.00,3.11,0.00
104.17.118.1,4,4,0.00,3.11,0.00
104.25.43.181,4,4,0.00,3.11,0.00
172.65.53.92,4,4,0.00,3.11,0.00
104.19.88.108,4,4,0.00,3.11,0.00
104.20.57.98,4,4,0.00,3.11,0.00
104.25.178.33,4,4,0.00,3.12,0.00
104.25.64.164,4,4,0.00,3.12,0.00
104.20.56.31,4,4,0.00,3.12,0.00
104.16.2.54,4,4,0.00,3.12,0.00
104.16.42.68,4,4,0.00,3.12,0.00
104.17.187.112,4,4,0.00,3.12,0.00
104.21.36.11,4,4,0.00,3.12,0.00
104.18.254.58,4,4,0.00,3.12,0.00
104.24.209.227,4,4,0.00,3.12,0.00
104.17.241.52,4,4,0.00,3.13,0.00
104.25.8.235,4,4,0.00,3.13,0.00
104.20.50.106,4,4,0.00,3.13,0.00
104.21.110.78,4,4,0.00,3.13,0.00
104.21.125.56,4,4,0.00,3.13,0.00
104.19.205.199,4,4,0.00,3.13,0.00
104.17.238.62,4,4,0.00,3.13,0.00
104.21.86.238,4,4,0.00,3.13,0.00
104.18.209.184,4,4,0.00,3.13,0.00
172.64.38.113,4,4,0.00,3.13,0.00
104.16.25.66,4,4,0.00,3.14,0.00
104.19.10.102,4,4,0.00,3.14,0.00
104.25.134.62,4,4,0.00,3.14,0.00
104.19.102.139,4,4,0.00,3.14,0.00
104.17.188.132,4,4,0.00,3.14,0.00
104.24.227.125,4,4,0.00,3.15,0.00
104.16.193.139,4,4,0.00,3.15,0.00
104.21.52.34,4,4,0.00,3.15,0.00
104.25.170.209,4,4,0.00,3.15,0.00
104.20.21.118,4,4,0.00,3.15,0.00
104.17.14.218,4,4,0.00,3.15,0.00
104.25.117.236,4,4,0.00,3.15,0.00
162.159.241.162,4,4,0.00,3.15,0.00
104.19.166.176,4,4,0.00,3.15,0.00
104.21.67.123,4,4,0.00,3.15,0.00
162.159.201.31,4,4,0.00,3.15,0.00
104.17.30.113,4,4,0.00,3.16,0.00
104.21.127.170,4,4,0.00,3.16,0.00
104.25.53.213,4,4,0.00,3.16,0.00
104.27.14.90,4,4,0.00,3.16,0.00
104.24.184.87,4,4,0.00,3.16,0.00
104.25.40.180,4,4,0.00,3.16,0.00
104.19.212.50,4,4,0.00,3.17,0.00
198.41.193.157,4,4,0.00,3.17,0.00
104.25.32.4,4,4,0.00,3.17,0.00
104.25.213.29,4,4,0.00,3.17,0.00
104.20.9.58,4,4,0.00,3.17,0.00
104.20.35.210,4,4,0.00,3.17,0.00
104.16.21.20,4,4,0.00,3.17,0.00
104.25.88.121,4,4,0.00,3.17,0.00
104.19.33.41,4,4,0.00,3.17,0.00
104.17.164.102,4,4,0.00,3.17,0.00
104.25.106.176,4,4,0.00,3.18,0.00
104.20.33.124,4,4,0.00,3.18,0.00
104.16.171.54,4,4,0.00,3.18,0.00
104.25.18.56,4,4,0.00,3.18,0.00
104.21.93.15,4,4,0.00,3.18,0.00
104.25.141.136,4,4,0.00,3.18,0.00
104.16.185.60,4,4,0.00,3.18,0.00
104.24.214.187,4,4,0.00,3.18,0.00
104.21.75.216,4,4,0.00,3.18,0.00
104.19.32.194,4,4,0.00,3.19,0.00
104.25.28.50,4,4,0.00,3.19,0.00
104.21.94.79,4,4,0.00,3.19,0.00
104.19.62.197,4,4,0.00,3.19,0.00
104.21.13.250,4,4,0.00,3.19,0.00
104.25.4.18,4,4,0.00,3.19,0.00
104.25.93.32,4,4,0.00,3.19,0.00
104.19.98.41,4,4,0.00,3.19,0.00
104.25.79.6,4,4,0.00,3.19,0.00
104.25.100.107,4,4,0.00,3.19,0.00
104.16.186.124,4,4,0.00,3.19,0.00
104.18.61.169,4,4,0.00,3.20,0.00
104.17.76.52,4,4,0.00,3.20,0.00
104.17.137.112,4,4,0.00,3.20,0.00
172.65.54.233,4,4,0.00,3.20,0.00
104.25.6.33,4,4,0.00,3.20,0.00
104.21.114.34,4,4,0.00,3.20,0.00
104.25.86.214,4,4,0.00,3.20,0.00
104.18.66.63,4,4,0.00,3.20,0.00
104.19.37.205,4,4,0.00,3.20,0.00
104.18.13.184,4,4,0.00,3.21,0.00
104.19.180.152,4,4,0.00,3.21,0.00
104.25.66.194,4,4,0.00,3.21,0.00
104.16.244.107,4,4,0.00,3.21,0.00
104.16.116.156,4,4,0.00,3.21,0.00
104.21.100.68,4,4,0.00,3.21,0.00
198.41.198.173,4,4,0.00,3.21,0.00
104.18.65.28,4,4,0.00,3.22,0.00
104.24.237.35,4,4,0.00,3.22,0.00
104.25.250.188,4,4,0.00,3.22,0.00
104.19.120.206,4,4,0.00,3.22,0.00
104.19.91.209,4,4,0.00,3.22,0.00
104.25.9.44,4,4,0.00,3.22,0.00
162.159.233.65,4,4,0.00,3.22,0.00
198.41.197.32,4,4,0.00,3.22,0.00
104.19.201.156,4,4,0.00,3.22,0.00
104.17.232.239,4,4,0.00,3.23,0.00
104.19.234.110,4,4,0.00,3.23,0.00
104.25.138.53,4,4,0.00,3.23,0.00
104.25.31.141,4,4,0.00,3.23,0.00
104.17.50.24,4,4,0.00,3.23,0.00
104.19.19.164,4,4,0.00,3.23,0.00
104.25.188.92,4,4,0.00,3.23,0.00
104.24.218.9,4,4,0.00,3.23,0.00
198.41.204.70,4,4,0.00,3.23,0.00
104.17.48.104,4,4,0.00,3.23,0.00
104.25.92.95,4,4,0.00,3.23,0.00
104.24.225.124,4,4,0.00,3.24,0.00
104.25.44.41,4,4,0.00,3.24,0.00
104.21.79.20,4,4,0.00,3.24,0.00
104.20.18.223,4,4,0.00,3.24,0.00
172.65.120.6,4,4,0.00,3.24,0.00
104.17.165.182,4,4,0.00,3.24,0.00
104.19.160.142,4,4,0.00,3.24,0.00
104.20.39.137,4,4,0.00,3.24,0.00
104.19.251.136,4,4,0.00,3.24,0.00
172.67.78.7,4,4,0.00,3.25,0.00
104.19.254.141,4,4,0.00,3.25,0.00
104.17.26.236,4,4,0.00,3.25,0.00
104.25.136.90,4,4,0.00,3.25,0.00
104.19.103.49,4,4,0.00,3.25,0.00
104.18.58.237,4,4,0.00,3.25,0.00
104.17.210.190,4,4,0.00,3.25,0.00
104.19.45.146,4,4,0.00,3.26,0.00
104.21.63.226,4,4,0.00,3.26,0.00
104.25.128.81,4,4,0.00,3.26,0.00
198.41.195.127,4,4,0.00,3.26,0.00
104.19.230.42,4,4,0.00,3.26,0.00
104.25.16.216,4,4,0.00,3.26,0.00
104.18.67.184,4,4,0.00,3.26,0.00
104.21.104.48,4,4,0.00,3.26,0.00
104.16.227.72,4,4,0.00,3.26,0.00
104.17.69.80,4,4,0.00,3.27,0.00
104.24.200.174,4,4,0.00,3.27,0.00
104.21.38.76,4,4,0.00,3.27,0.00
104.17.234.105,4,4,0.00,3.27,0.00
162.159.243.59,4,4,0.00,3.27,0.00
104.25.197.252,4,4,0.00,3.27,0.00
104.19.40.98,4,4,0.00,3.27,0.00
104.25.97.119,4,4,0.00,3.27,0.00
104.24.220.86,4,4,0.00,3.27,0.00
104.25.113.84,4,4,0.00,3.27,0.00
104.25.166.65,4,4,0.00,3.28,0.00
104.25.77.250,4,4,0.00,3.28,0.00
104.18.50.12,4,4,0.00,3.28,0.00
104.16.29.222,4,4,0.00,3.28,0.00
104.21.48.117,4,4,0.00,3.28,0.00
104.25.144.55,4,4,0.00,3.28,0.00
104.25.76.170,4,4,0.00,3.28,0.00
162.159.194.206,4,4,0.00,3.28,0.00
104.25.122.98,4,4,0.00,3.28,0.00
104.25.72.94,4,4,0.00,3.28,0.00
104.24.198.87,4,4,0.00,3.29,0.00
104.18.64.14,4,4,0.00,3.29,0.00
104.25.133.226,4,4,0.00,3.29,0.00
104.25.154.26,4,4,0.00,3.29,0.00
104.17.113.165,4,4,0.00,3.29,0.00
104.19.229.34,4,4,0.00,3.29,0.00
104.19.100.129,4,4,0.00,3.29,0.00
104.25.171.206,4,4,0.00,3.29,0.00
104.17.124.101,4,4,0.00,3.29,0.00
104.19.190.162,4,4,0.00,3.29,0.00
104.25.38.26,4,4,0.00,3.30,0.00
104.17.44.230,4,4,0.00,3.30,0.00
104.19.145.91,4,4,0.00,3.30,0.00
104.25.39.43,4,4,0.00,3.31,0.00
104.25.48.252,4,4,0.00,3.31,0.00
104.25.119.19,4,4,0.00,3.31,0.00
162.159.253.72,4,4,0.00,3.31,0.00
104.25.65.221,4,4,0.00,3.31,0.00
104.19.169.199,4,4,0.00,3.32,0.00
104.17.115.240,4,4,0.00,3.32,0.00
104.17.141.62,4,4,0.00,3.32,0.00
104.19.11.150,4,4,0.00,3.32,0.00
104.21.120.175,4,4,0.00,3.32,0.00
104.19.47.181,4,4,0.00,3.32,0.00
104.20.30.63,4,4,0.00,3.32,0.00
104.20.53.197,4,4,0.00,3.32,0.00
104.17.254.189,4,4,0.00,3.32,0.00
104.21.124.142,4,4,0.00,3.32,0.00
104.21.112.190,4,4,0.00,3.32,0.00
104.17.153.38,4,4,0.00,3.33,0.00
104.19.159.36,4,4,0.00,3.33,0.00
104.25.20.233,4,4,0.00,3.33,0.00
104.19.22.43,4,4,0.00,3.33,0.00
104.20.16.46,4,4,0.00,3.33,0.00
104.25.109.92,4,4,0.00,3.33,0.00
104.18.252.53,4,4,0.00,3.34,0.00
104.19.119.28,4,4,0.00,3.34,0.00
104.25.186.230,4,4,0.00,3.34,0.00
104.16.153.49,4,4,0.00,3.34,0.00
104.16.165.70,4,4,0.00,3.34,0.00
104.21.12.34,4,4,0.00,3.34,0.00
104.17.131.110,4,4,0.00,3.34,0.00
104.16.114.199,4,4,0.00,3.34,0.00
104.21.37.89,4,4,0.00,3.34,0.00
104.17.218.128,4,4,0.00,3.34,0.00
104.18.26.180,4,4,0.00,3.34,0.00
104.19.44.7,4,4,0.00,3.35,0.00
104.24.169.129,4,4,0.00,3.35,0.00
104.18.9.130,4,4,0.00,3.35,0.00
104.21.107.153,4,4,0.00,3.35,0.00
104.20.8.201,4,4,0.00,3.35,0.00
104.17.64.89,4,4,0.00,3.35,0.00
104.24.216.71,4,4,0.00,3.35,0.00
104.16.98.243,4,4,0.00,3.35,0.00
104.20.20.84,4,4,0.00,3.35,0.00
104.17.233.38,4,4,0.00,3.35,0.00
104.17.29.144,4,4,0.00,3.35,0.00
104.19.9.73,4,4,0.00,3.35,0.00
104.17.28.158,4,4,0.00,3.35,0.00
104.19.74.245,4,4,0.00,3.35,0.00
104.20.32.234,4,4,0.00,3.36,0.00
104.18.10.219,4,4,0.00,3.36,0.00
104.16.197.183,4,4,0.00,3.36,0.00
104.24.255.111,4,4,0.00,3.36,0.00
104.17.149.19,4,4,0.00,3.36,0.00
103.31.4.75,4,4,0.00,3.36,0.00
104.20.25.187,4,4,0.00,3.36,0.00
104.19.56.54,4,4,0.00,3.36,0.00
104.25.67.122,4,4,0.00,3.36,0.00
104.20.54.136,4,4,0.00,3.37,0.00
104.19.121.17,4,4,0.00,3.37,0.00
104.17.160.100,4,4,0.00,3.37,0.00
162.159.224.150,4,4,0.00,3.37,0.00
104.19.232.169,4,4,0.00,3.37,0.00
104.25.30.203,4,4,0.00,3.37,0.00
104.17.223.2,4,4,0.00,3.38,0.00
104.24.183.176,4,4,0.00,3.38,0.00
104.24.248.74,4,4,0.00,3.38,0.00
104.25.105.108,4,4,0.00,3.38,0.00
104.17.73.214,4,4,0.00,3.38,0.00
104.17.159.34,4,4,0.00,3.38,0.00
104.25.181.10,4,4,0.00,3.39,0.00
104.25.145.228,4,4,0.00,3.39,0.00
104.17.200.222,4,4,0.00,3.39,0.00
104.16.189.39,4,4,0.00,3.39,0.00
104.25.165.13,4,4,0.00,3.39,0.00
104.20.15.217,4,4,0.00,3.39,0.00
104.19.218.29,4,4,0.00,3.40,0.00
104.25.207.161,4,4,0.00,3.40,0.00
104.21.81.41,4,4,0.00,3.40,0.00
104.18.244.206,4,4,0.00,3.40,0.00
104.17.248.170,4,4,0.00,3.40,0.00
104.16.82.212,4,4,0.00,3.40,0.00
104.19.221.192,4,4,0.00,3.40,0.00
104.16.130.80,4,4,0.00,3.40,0.00
104.16.147.245,4,4,0.00,3.40,0.00
104.16.99.39,4,4,0.00,3.40,0.00
104.19.240.247,4,4,0.00,3.40,0.00
172.67.218.216,4,4,0.00,3.40,0.00
104.16.45.94,4,4,0.00,3.41,0.00
104.16.85.68,4,4,0.00,3.41,0.00
104.18.48.160,4,4,0.00,3.41,0.00
104.24.234.52,4,4,0.00,3.41,0.00
104.20.12.196,4,4,0.00,3.41,0.00
104.25.57.212,4,4,0.00,3.41,0.00
104.17.140.107,4,4,0.00,3.41,0.00
104.19.181.34,4,4,0.00,3.41,0.00
104.25.104.225,4,4,0.00,3.41,0.00
104.25.101.237,4,4,0.00,3.41,0.00
104.19.149.143,4,4,0.00,3.42,0.00
104.19.231.104,4,4,0.00,3.42,0.00
104.19.237.8,4,4,0.00,3.42,0.00
104.19.73.4,4,4,0.00,3.42,0.00
104.25.70.187,4,4,0.00,3.42,0.00
104.17.145.78,4,4,0.00,3.42,0.00
104.18.227.117,4,4,0.00,3.42,0.00
104.25.194.141,4,4,0.00,3.43,0.00
104.18.62.128,4,4,0.00,3.43,0.00
104.17.237.230,4,4,0.00,3.43,0.00
104.24.186.36,4,4,0.00,3.43,0.00
104.25.69.143,4,4,0.00,3.43,0.00
104.17.195.12,4,4,0.00,3.44,0.00
104.19.147.94,4,4,0.00,3.44,0.00
104.16.79.227,4,4,0.00,3.44,0.00
104.20.3.219,4,4,0.00,3.44,0.00
104.24.187.148,4,4,0.00,3.44,0.00
104.17.235.230,4,4,0.00,3.44,0.00
104.16.241.179,4,4,0.00,3.44,0.00
104.21.74.165,4,4,0.00,3.44,0.00
104.17.182.156,4,4,0.00,3.45,0.00
104.18.42.110,4,4,0.00,3.45,0.00
104.19.43.142,4,4,0.00,3.45,0.00
104.18.49.33,4,4,0.00,3.45,0.00
104.19.142.15,4,4,0.00,3.45,0.00
104.25.161.97,4,4,0.00,3.45,0.00
104.20.14.155,4,4,0.00,3.45,0.00
104.25.37.141,4,4,0.00,3.46,0.00
104.16.122.175,4,4,0.00,3.46,0.00
104.25.140.43,4,4,0.00,3.46,0.00
104.18.169.245,4,4,0.00,3.46,0.00
104.18.112.15,4,4,0.00,3.46,0.00
104.25.12.47,4,4,0.00,3.46,0.00
172.64.33.21,4,4,0.00,3.46,0.00
104.16.59.123,4,4,0.00,3.46,0.00
104.19.125.47,4,4,0.00,3.47,0.00
104.16.97.98,4,4,0.00,3.47,0.00
104.17.41.210,4,4,0.00,3.47,0.00
104.18.151.24,4,4,0.00,3.47,0.00
104.24.210.88,4,4,0.00,3.47,0.00
104.17.196.241,4,4,0.00,3.47,0.00
104.25.205.224,4,4,0.00,3.47,0.00
104.25.56.60,4,4,0.00,3.47,0.00
104.18.187.175,4,4,0.00,3.48,0.00
104.19.132.98,4,4,0.00,3.48,0.00
104.21.83.45,4,4,0.00,3.48,0.00
104.25.179.37,4,4,0.00,3.48,0.00
104.25.87.61,4,4,0.00,3.48,0.00
104.16.243.105,4,4,0.00,3.48,0.00
104.17.122.198,4,4,0.00,3.48,0.00
104.18.165.236,4,4,0.00,3.49,0.00
104.19.79.36,4,4,0.00,3.49,0.00
104.18.95.114,4,4,0.00,3.49,0.00
104.17.119.77,4,4,0.00,3.49,0.00
104.17.55.142,4,4,0.00,3.49,0.00
104.19.253.232,4,4,0.00,3.49,0.00
104.17.15.182,4,4,0.00,3.49,0.00
104.18.72.80,4,4,0.00,3.50,0.00
104.17.228.230,4,4,0.00,3.50,0.00
104.19.143.61,4,4,0.00,3.50,0.00
104.18.113.155,4,4,0.00,3.50,0.00
104.25.200.180,4,4,0.00,3.50,0.00
104.20.38.198,4,4,0.00,3.50,0.00
104.18.5.92,4,4,0.00,3.51,0.00
104.25.107.81,4,4,0.00,3.51,0.00
104.20.27.235,4,4,0.00,3.51,0.00
104.16.109.97,4,4,0.00,3.51,0.00
104.20.5.55,4,4,0.00,3.51,0.00
104.25.14.35,4,4,0.00,3.51,0.00
104.16.35.247,4,4,0.00,3.51,0.00
104.17.171.159,4,4,0.00,3.52,0.00
104.20.26.57,4,4,0.00,3.52,0.00
104.16.219.171,4,4,0.00,3.52,0.00
104.20.36.167,4,4,0.00,3.52,0.00
104.19.188.73,4,4,0.00,3.52,0.00
104.16.84.172,4,4,0.00,3.52,0.00
104.17.221.45,4,4,0.00,3.52,0.00
104.18.40.125,4,4,0.00,3.52,0.00
104.18.117.36,4,4,0.00,3.52,0.00
104.25.158.50,4,4,0.00,3.53,0.00
104.20.4.10,4,4,0.00,3.53,0.00
104.25.73.68,4,4,0.00,3.53,0.00
104.17.207.183,4,4,0.00,3.53,0.00
104.18.25.191,4,4,0.00,3.53,0.00
104.18.12.2,4,4,0.00,3.53,0.00
104.17.155.51,4,4,0.00,3.53,0.00
104.25.75.170,4,4,0.00,3.53,0.00
104.25.152.61,4,4,0.00,3.53,0.00
104.18.28.122,4,4,0.00,3.53,0.00
104.17.215.186,4,4,0.00,3.53,0.00
104.18.235.66,4,4,0.00,3.53,0.00
104.21.122.157,4,4,0.00,3.54,0.00
104.17.247.113,4,4,0.00,3.54,0.00
104.19.146.252,4,4,0.00,3.54,0.00
104.19.36.57,4,4,0.00,3.54,0.00
104.25.58.69,4,4,0.00,3.54,0.00
104.17.250.185,4,4,0.00,3.54,0.00
104.25.13.40,4,4,0.00,3.54,0.00
104.25.143.31,4,4,0.00,3.54,0.00
104.16.63.199,4,4,0.00,3.55,0.00
104.19.173.141,4,4,0.00,3.55,0.00
104.19.89.140,4,4,0.00,3.55,0.00
104.19.220.80,4,4,0.00,3.55,0.00
104.18.8.242,4,4,0.00,3.55,0.00
104.18.53.110,4,4,0.00,3.56,0.00
104.19.241.23,4,4,0.00,3.56,0.00
104.25.168.51,4,4,0.00,3.56,0.00
104.25.126.132,4,4,0.00,3.56,0.00
104.16.137.93,4,4,0.00,3.57,0.00
104.17.142.21,4,4,0.00,3.57,0.00
104.16.166.71,4,4,0.00,3.57,0.00
104.19.248.120,4,4,0.00,3.57,0.00
104.17.236.56,4,4,0.00,3.57,0.00
104.16.87.168,4,4,0.00,3.57,0.00
104.25.95.166,4,4,0.00,3.57,0.00
104.18.89.109,4,4,0.00,3.57,0.00
104.16.68.90,4,4,0.00,3.58,0.00
104.18.98.19,4,4,0.00,3.58,0.00
104.25.111.190,4,4,0.00,3.58,0.00
104.24.250.59,4,4,0.00,3.58,0.00
172.65.33.224,4,4,0.00,3.58,0.00
104.20.31.187,4,4,0.00,3.58,0.00
104.25.112.62,4,4,0.00,3.58,0.00
104.17.61.249,4,4,0.00,3.58,0.00
104.17.244.73,4,4,0.00,3.59,0.00
104.16.23.215,4,4,0.00,3.59,0.00
104.16.78.144,4,4,0.00,3.59,0.00
104.25.3.18,4,4,0.00,3.59,0.00
104.18.16.165,4,4,0.00,3.59,0.00
104.20.7.162,4,4,0.00,3.59,0.00
104.19.2.245,4,4,0.00,3.59,0.00
104.17.245.162,4,4,0.00,3.59,0.00
104.19.116.120,4,4,0.00,3.59,0.00
104.17.177.193,4,4,0.00,3.60,0.00
104.18.110.143,4,4,0.00,3.60,0.00
104.17.147.18,4,4,0.00,3.60,0.00
104.17.214.139,4,4,0.00,3.60,0.00
104.19.106.223,4,4,0.00,3.60,0.00
104.25.130.139,4,4,0.00,3.61,0.00
104.18.103.230,4,4,0.00,3.61,0.00
104.18.111.102,4,4,0.00,3.61,0.00
104.19.192.187,4,4,0.00,3.61,0.00
104.16.117.45,4,4,0.00,3.61,0.00
104.25.1.78,4,4,0.00,3.61,0.00
104.25.42.77,4,4,0.00,3.61,0.00
104.16.160.173,4,4,0.00,3.61,0.00
104.18.207.232,4,4,0.00,3.61,0.00
104.25.196.149,4,4,0.00,3.61,0.00
104.16.20.48,4,4,0.00,3.61,0.00
172.65.104.52,4,4,0.00,3.61,0.00
104.19.250.46,4,4,0.00,3.61,0.00
141.101.115.215,4,4,0.00,3.62,0.00
104.17.37.40,4,4,0.00,3.62,0.00
104.25.102.15,4,4,0.00,3.62,0.00
104.17.62.50,4,4,0.00,3.62,0.00
104.24.253.169,4,4,0.00,3.63,0.00
104.16.64.251,4,4,0.00,3.63,0.00
104.24.226.35,4,4,0.00,3.63,0.00
104.19.157.2,4,4,0.00,3.63,0.00
104.19.69.224,4,4,0.00,3.63,0.00
104.16.188.249,4,4,0.00,3.64,0.00
104.16.144.233,4,4,0.00,3.64,0.00
104.16.70.6,4,4,0.00,3.64,0.00
104.19.238.53,4,4,0.00,3.65,0.00
104.19.23.3,4,4,0.00,3.65,0.00
104.19.96.38,4,4,0.00,3.65,0.00
104.19.176.229,4,4,0.00,3.66,0.00
104.16.37.170,4,4,0.00,3.66,0.00
104.19.18.96,4,4,0.00,3.66,0.00
104.17.193.70,4,4,0.00,3.66,0.00
104.16.240.163,4,4,0.00,3.66,0.00
104.19.93.49,4,4,0.00,3.66,0.00
104.18.129.252,4,4,0.00,3.66,0.00
104.18.36.120,4,4,0.00,3.66,0.00
104.19.13.172,4,4,0.00,3.66,0.00
104.17.5.78,4,4,0.00,3.66,0.00
104.16.93.184,4,4,0.00,3.66,0.00
104.16.225.188,4,4,0.00,3.66,0.00
104.16.61.70,4,4,0.00,3.66,0.00
104.18.255.108,4,4,0.00,3.67,0.00
104.17.199.170,4,4,0.00,3.67,0.00
104.17.208.202,4,4,0.00,3.67,0.00
104.19.14.203,4,4,0.00,3.67,0.00
104.20.0.199,4,4,0.00,3.67,0.00
104.18.238.107,4,4,0.00,3.68,0.00
104.18.34.165,4,4,0.00,3.68,0.00
104.19.118.241,4,4,0.00,3.68,0.00
104.25.123.165,4,4,0.00,3.68,0.00
104.25.174.59,4,4,0.00,3.68,0.00
104.18.108.189,4,4,0.00,3.68,0.00
104.20.22.132,4,4,0.00,3.68,0.00
104.18.19.128,4,4,0.00,3.69,0.00
104.18.51.234,4,4,0.00,3.69,0.00
104.19.211.69,4,4,0.00,3.69,0.00
104.18.4.233,4,4,0.00,3.69,0.00
104.16.119.124,4,4,0.00,3.69,0.00
104.19.138.88,4,4,0.00,3.69,0.00
104.18.122.190,4,4,0.00,3.69,0.00
104.19.194.188,4,4,0.00,3.69,0.00
104.17.229.246,4,4,0.00,3.69,0.00
104.18.46.209,4,4,0.00,3.69,0.00
104.18.104.164,4,4,0.00,3.70,0.00
104.19.71.35,4,4,0.00,3.70,0.00
104.19.184.194,4,4,0.00,3.70,0.00
104.16.253.134,4,4,0.00,3.70,0.00
104.25.71.78,4,4,0.00,3.70,0.00
104.16.47.33,4,4,0.00,3.70,0.00
104.25.50.104,4,4,0.00,3.71,0.00
104.16.16.223,4,4,0.00,3.71,0.00
104.18.193.147,4,4,0.00,3.71,0.00
104.19.174.55,4,4,0.00,3.71,0.00
104.18.183.61,4,4,0.00,3.71,0.00
104.16.24.226,4,4,0.00,3.71,0.00
104.16.233.1,4,4,0.00,3.71,0.00
104.24.243.153,4,4,0.00,3.71,0.00
104.25.55.128,4,4,0.00,3.72,0.00
104.18.37.220,4,4,0.00,3.72,0.00
104.16.195.34,4,4,0.00,3.72,0.00
104.18.29.156,4,4,0.00,3.72,0.00
104.16.246.127,4,4,0.00,3.72,0.00
104.25.36.151,4,4,0.00,3.72,0.00
104.19.8.217,4,4,0.00,3.72,0.00
104.16.222.167,4,4,0.00,3.72,0.00
104.19.78.81,4,4,0.00,3.73,0.00
104.19.12.226,4,4,0.00,3.73,0.00
104.24.247.169,4,4,0.00,3.73,0.00
104.16.146.53,4,4,0.00,3.73,0.00
104.19.177.212,4,4,0.00,3.73,0.00
104.18.230.167,4,4,0.00,3.73,0.00
104.19.31.150,4,4,0.00,3.73,0.00
104.17.158.186,4,4,0.00,3.73,0.00
104.17.127.15,4,4,0.00,3.73,0.00
104.16.57.36,4,4,0.00,3.73,0.00
104.19.81.47,4,4,0.00,3.73,0.00
104.16.152.90,4,4,0.00,3.74,0.00
104.18.196.40,4,4,0.00,3.74,0.00
104.18.101.19,4,4,0.00,3.74,0.00
104.19.76.235,4,4,0.00,3.74,0.00
104.18.97.56,4,4,0.00,3.74,0.00
104.17.179.81,4,4,0.00,3.75,0.00
104.18.86.149,4,4,0.00,3.75,0.00
104.18.6.1,4,4,0.00,3.75,0.00
198.41.194.36,4,4,0.00,3.75,0.00
104.17.123.240,4,4,0.00,3.75,0.00
104.17.205.249,4,4,0.00,3.75,0.00
104.18.57.104,4,4,0.00,3.75,0.00
104.16.201.125,4,4,0.00,3.75,0.00
104.16.17.133,4,4,0.00,3.76,0.00
104.18.59.253,4,4,0.00,3.76,0.00
104.19.92.186,4,4,0.00,3.76,0.00
104.18.100.20,4,4,0.00,3.76,0.00
104.19.207.62,4,4,0.00,3.76,0.00
104.17.54.242,4,4,0.00,3.76,0.00
104.18.173.25,4,4,0.00,3.76,0.00
104.18.170.25,4,4,0.00,3.76,0.00
104.25.99.103,4,4,0.00,3.77,0.00
104.18.126.85,4,4,0.00,3.77,0.00
104.19.59.109,4,4,0.00,3.77,0.00
104.16.164.225,4,4,0.00,3.77,0.00
104.16.218.217,4,4,0.00,3.77,0.00
104.18.21.73,4,4,0.00,3.77,0.00
104.19.24.155,4,4,0.00,3.77,0.00
104.25.163.154,4,4,0.00,3.78,0.00
104.19.80.7,4,4,0.00,3.78,0.00
104.19.217.233,4,4,0.00,3.78,0.00
104.19.82.5,4,4,0.00,3.78,0.00
104.19.185.163,4,4,0.00,3.78,0.00
104.25.147.237,4,4,0.00,3.78,0.00
104.19.148.120,4,4,0.00,3.78,0.00
104.25.80.63,4,4,0.00,3.78,0.00
104.18.115.186,4,4,0.00,3.79,0.00
104.17.111.27,4,4,0.00,3.79,0.00
104.18.172.178,4,4,0.00,3.79,0.00
104.16.123.29,4,4,0.00,3.79,0.00
104.19.131.152,4,4,0.00,3.79,0.00
104.18.224.40,4,4,0.00,3.79,0.00
104.27.15.236,4,4,0.00,3.79,0.00
104.18.41.1,4,4,0.00,3.79,0.00
104.17.163.198,4,4,0.00,3.80,0.00
104.17.8.28,4,4,0.00,3.80,0.00
104.19.243.54,4,4,0.00,3.80,0.00
104.16.72.49,4,4,0.00,3.80,0.00
104.16.88.211,4,4,0.00,3.80,0.00
104.19.208.86,4,4,0.00,3.80,0.00
104.19.15.36,4,4,0.00,3.80,0.00
104.16.247.8,4,4,0.00,3.81,0.00
104.16.110.19,4,4,0.00,3.81,0.00
104.19.186.233,4,4,0.00,3.81,0.00
104.16.242.32,4,4,0.00,3.81,0.00
104.17.35.105,4,4,0.00,3.81,0.00
104.19.170.157,4,4,0.00,3.81,0.00
104.25.216.119,4,4,0.00,3.82,0.00
198.41.211.14,4,4,0.00,3.82,0.00
104.18.240.0,4,4,0.00,3.82,0.00
104.17.134.103,4,4,0.00,3.82,0.00
104.16.163.65,4,4,0.00,3.82,0.00
104.16.65.247,4,4,0.00,3.82,0.00
104.19.20.187,4,4,0.00,3.83,0.00
104.19.183.60,4,4,0.00,3.83,0.00
104.19.137.99,4,4,0.00,3.83,0.00
104.19.163.197,4,4,0.00,3.83,0.00
104.25.61.104,4,4,0.00,3.83,0.00
104.19.215.138,4,4,0.00,3.83,0.00
104.16.103.49,4,4,0.00,3.83,0.00
104.16.161.214,4,4,0.00,3.84,0.00
104.17.201.74,4,4,0.00,3.84,0.00
104.18.171.65,4,4,0.00,3.84,0.00
104.18.75.179,4,4,0.00,3.84,0.00
104.16.206.23,4,4,0.00,3.85,0.00
104.25.82.187,4,4,0.00,3.85,0.00
104.19.107.84,4,4,0.00,3.85,0.00
104.25.137.122,4,4,0.00,3.85,0.00
104.17.191.18,4,4,0.00,3.85,0.00
104.19.54.252,4,4,0.00,3.85,0.00
104.19.111.121,4,4,0.00,3.85,0.00
104.16.27.39,4,4,0.00,3.85,0.00
104.16.214.223,4,4,0.00,3.85,0.00
104.19.222.39,4,4,0.00,3.86,0.00
104.16.102.5,4,4,0.00,3.86,0.00
104.19.35.78,4,4,0.00,3.86,0.00
104.19.136.226,4,4,0.00,3.86,0.00
104.17.206.241,4,4,0.00,3.86,0.00
104.18.44.193,4,4,0.00,3.86,0.00
104.25.11.8,4,4,0.00,3.86,0.00
104.16.96.91,4,4,0.00,3.87,0.00
104.25.5.201,4,4,0.00,3.87,0.00
104.16.56.48,4,4,0.00,3.87,0.00
104.25.59.190,4,4,0.00,3.87,0.00
104.16.234.146,4,4,0.00,3.87,0.00
104.16.212.142,4,4,0.00,3.87,0.00
104.18.125.73,4,4,0.00,3.87,0.00
104.19.126.34,4,4,0.00,3.87,0.00
104.18.205.152,4,4,0.00,3.87,0.00
104.16.213.186,4,4,0.00,3.87,0.00
104.16.168.144,4,4,0.00,3.87,0.00
104.19.196.129,4,4,0.00,3.87,0.00
104.19.61.105,4,4,0.00,3.87,0.00
198.41.192.59,4,4,0.00,3.88,0.00
104.25.10.65,4,4,0.00,3.88,0.00
104.19.60.37,4,4,0.00,3.88,0.00
104.16.55.220,4,4,0.00,3.88,0.00
104.17.175.214,4,4,0.00,3.89,0.00
104.17.57.192,4,4,0.00,3.89,0.00
104.19.63.75,4,4,0.00,3.89,0.00
104.19.167.95,4,4,0.00,3.89,0.00
104.16.255.215,4,4,0.00,3.90,0.00
104.16.215.160,4,4,0.00,3.90,0.00
104.16.216.102,4,4,0.00,3.90,0.00
104.19.113.175,4,4,0.00,3.90,0.00
104.19.75.18,4,4,0.00,3.90,0.00
104.17.252.247,4,4,0.00,3.90,0.00
104.17.227.101,4,4,0.00,3.91,0.00
104.16.248.14,4,4,0.00,3.91,0.00
104.17.255.203,4,4,0.00,3.91,0.00
104.19.55.96,4,4,0.00,3.91,0.00
104.17.88.206,4,4,0.00,3.91,0.00
104.19.249.207,4,4,0.00,3.91,0.00
104.18.148.223,4,4,0.00,3.91,0.00
104.18.250.178,4,4,0.00,3.92,0.00
104.17.194.84,4,4,0.00,3.92,0.00
104.16.223.185,4,4,0.00,3.92,0.00
104.16.239.39,4,4,0.00,3.92,0.00
104.17.185.173,4,4,0.00,3.92,0.00
104.16.66.156,4,4,0.00,3.93,0.00
104.18.130.29,4,4,0.00,3.93,0.00
104.16.107.117,4,4,0.00,3.93,0.00
104.25.94.217,4,4,0.00,3.93,0.00
104.18.87.98,4,4,0.00,3.93,0.00
104.25.54.135,4,4,0.00,3.93,0.00
104.19.29.3,4,4,0.00,3.93,0.00
104.18.27.62,4,4,0.00,3.94,0.00
104.17.11.241,4,4,0.00,3.94,0.00
104.16.139.244,4,4,0.00,3.94,0.00
104.25.124.224,4,4,0.00,3.94,0.00
104.16.179.149,4,4,0.00,3.94,0.00
104.17.217.12,4,4,0.00,3.95,0.00
104.17.91.115,4,4,0.00,3.95,0.00
104.16.251.211,4,4,0.00,3.95,0.00
104.19.214.154,4,4,0.00,3.95,0.00
104.19.124.26,4,4,0.00,3.95,0.00
104.16.69.245,4,4,0.00,3.95,0.00
104.19.140.114,4,4,0.00,3.95,0.00
104.17.204.95,4,4,0.00,3.95,0.00
104.25.103.84,4,4,0.00,3.95,0.00
104.19.135.20,4,4,0.00,3.95,0.00
104.17.49.72,4,4,0.00,3.96,0.00
104.20.6.100,4,4,0.00,3.96,0.00
104.16.194.4,4,4,0.00,3.96,0.00
104.19.72.36,4,4,0.00,3.96,0.00
162.159.33.164,4,4,0.00,3.96,0.00
104.25.89.244,4,4,0.00,3.97,0.00
104.16.120.147,4,4,0.00,3.97,0.00
104.18.220.114,4,4,0.00,3.97,0.00
104.16.48.43,4,4,0.00,3.97,0.00
104.17.169.238,4,4,0.00,3.98,0.00
104.19.153.214,4,4,0.00,3.98,0.00
104.16.41.152,4,4,0.00,3.98,0.00
104.17.220.166,4,4,0.00,3.98,0.00
104.16.94.150,4,4,0.00,3.99,0.00
104.19.117.118,4,4,0.00,3.99,0.00
104.17.249.175,4,4,0.00,3.99,0.00
104.18.35.215,4,4,0.00,3.99,0.00
104.16.90.30,4,4,0.00,4.00,0.00
104.16.176.230,4,4,0.00,4.00,0.00
104.18.138.117,4,4,0.00,4.00,0.00
104.19.3.0,4,4,0.00,4.00,0.00
104.19.64.215,4,4,0.00,4.01,0.00
104.16.141.245,4,4,0.00,4.01,0.00
104.16.249.10,4,4,0.00,4.01,0.00
104.16.220.126,4,4,0.00,4.01,0.00
104.19.191.107,4,4,0.00,4.01,0.00
104.18.201.44,4,4,0.00,4.02,0.00
104.16.126.213,4,4,0.00,4.02,0.00
104.20.28.10,4,4,0.00,4.02,0.00
104.17.136.105,4,4,0.00,4.02,0.00
104.25.45.171,4,4,0.00,4.02,0.00
104.18.39.93,4,4,0.00,4.02,0.00
104.18.214.127,4,4,0.00,4.02,0.00
104.18.1.202,4,4,0.00,4.02,0.00
104.18.71.98,4,4,0.00,4.03,0.00
104.18.3.153,4,4,0.00,4.03,0.00
104.18.55.34,4,4,0.00,4.03,0.00
104.16.156.71,4,4,0.00,4.03,0.00
104.18.163.200,4,4,0.00,4.03,0.00
104.16.31.32,4,4,0.00,4.03,0.00
104.19.123.102,4,4,0.00,4.03,0.00
104.18.243.82,4,4,0.00,4.04,0.00
104.17.135.218,4,4,0.00,4.04,0.00
104.16.58.176,4,4,0.00,4.04,0.00
104.16.83.117,4,4,0.00,4.04,0.00
104.16.217.215,4,4,0.00,4.04,0.00
104.19.101.129,4,4,0.00,4.04,0.00
104.25.114.63,4,4,0.00,4.04,0.00
104.16.133.206,4,4,0.00,4.05,0.00
104.24.254.127,4,4,0.00,4.05,0.00
104.18.198.133,4,4,0.00,4.05,0.00
104.18.204.210,4,4,0.00,4.05,0.00
104.19.38.129,4,4,0.00,4.05,0.00
104.19.99.252,4,4,0.00,4.05,0.00
104.16.140.65,4,4,0.00,4.05,0.00
104.16.81.58,4,4,0.00,4.05,0.00
104.19.158.143,4,4,0.00,4.05,0.00
104.19.197.58,4,4,0.00,4.05,0.00
104.18.225.154,4,4,0.00,4.06,0.00
104.18.23.100,4,4,0.00,4.06,0.00
104.16.178.119,4,4,0.00,4.06,0.00
104.19.245.60,4,4,0.00,4.06,0.00
104.16.101.214,4,4,0.00,4.06,0.00
104.18.94.242,4,4,0.00,4.06,0.00
104.19.66.105,4,4,0.00,4.06,0.00
104.19.129.167,4,4,0.00,4.06,0.00
104.19.77.245,4,4,0.00,4.06,0.00
104.17.151.46,4,4,0.00,4.07,0.00
104.16.229.158,4,4,0.00,4.07,0.00
104.18.203.39,4,4,0.00,4.07,0.00
104.19.171.159,4,4,0.00,4.07,0.00
104.19.128.213,4,4,0.00,4.07,0.00
104.19.213.41,4,4,0.00,4.07,0.00
104.19.152.79,4,4,0.00,4.08,0.00
104.18.231.210,4,4,0.00,4.08,0.00
104.25.47.14,4,4,0.00,4.08,0.00
104.16.187.74,4,4,0.00,4.09,0.00
104.17.209.180,4,4,0.00,4.09,0.00
104.17.4.204,4,4,0.00,4.09,0.00
104.18.81.92,4,4,0.00,4.09,0.00
104.18.192.184,4,4,0.00,4.09,0.00
104.17.128.104,4,4,0.00,4.09,0.00
104.18.248.217,4,4,0.00,4.10,0.00
104.16.76.136,4,4,0.00,4.10,0.00
104.17.231.41,4,4,0.00,4.10,0.00
104.17.103.238,4,4,0.00,4.10,0.00
104.19.210.5,4,4,0.00,4.11,0.00
104.19.26.76,4,4,0.00,4.11,0.00
104.19.34.229,4,4,0.00,4.11,0.00
104.17.178.186,4,4,0.00,4.11,0.00
104.16.106.194,4,4,0.00,4.11,0.00
104.17.224.126,4,4,0.00,4.11,0.00
104.16.209.222,4,4,0.00,4.12,0.00
104.19.206.204,4,4,0.00,4.12,0.00
104.17.184.233,4,4,0.00,4.12,0.00
104.16.128.56,4,4,0.00,4.12,0.00
104.18.20.159,4,4,0.00,4.12,0.00
104.18.91.41,4,4,0.00,4.12,0.00
104.17.173.147,4,4,0.00,4.13,0.00
104.19.90.137,4,4,0.00,4.13,0.00
104.16.181.33,4,4,0.00,4.13,0.00
104.18.88.54,4,4,0.00,4.13,0.00
104.25.49.89,4,4,0.00,4.14,0.00
104.18.236.173,4,4,0.00,4.14,0.00
104.16.121.70,4,4,0.00,4.14,0.00
104.19.172.209,4,4,0.00,4.14,0.00
104.19.21.155,4,4,0.00,4.14,0.00
104.19.42.232,4,4,0.00,4.14,0.00
104.17.211.192,4,4,0.00,4.14,0.00
104.17.225.126,4,4,0.00,4.14,0.00
104.16.30.51,4,4,0.00,4.14,0.00
104.16.226.84,4,4,0.00,4.14,0.00
104.19.175.134,4,4,0.00,4.15,0.00
104.24.244.167,4,4,0.00,4.15,0.00
104.19.130.5,4,4,0.00,4.15,0.00
104.16.52.90,4,4,0.00,4.15,0.00
104.25.84.50,4,4,0.00,4.15,0.00
104.16.180.47,4,4,0.00,4.16,0.00
104.19.133.235,4,4,0.00,4.16,0.00
104.18.84.145,4,4,0.00,4.16,0.00
104.18.155.126,4,4,0.00,4.16,0.00
104.17.59.212,4,4,0.00,4.16,0.00
104.16.80.41,4,4,0.00,4.16,0.00
104.17.144.13,4,4,0.00,4.17,0.00
104.25.33.130,4,4,0.00,4.17,0.00
104.18.195.1,4,4,0.00,4.17,0.00
104.19.70.60,4,4,0.00,4.17,0.00
104.16.89.144,4,4,0.00,4.18,0.00
104.17.183.243,4,4,0.00,4.18,0.00
104.18.211.113,4,4,0.00,4.18,0.00
104.16.91.36,4,4,0.00,4.18,0.00
104.19.247.43,4,4,0.00,4.19,0.00
198.41.196.172,4,4,0.00,4.19,0.00
104.18.133.74,4,4,0.00,4.19,0.00
104.16.169.231,4,4,0.00,4.19,0.00
104.19.51.53,4,4,0.00,4.20,0.00
104.17.216.77,4,4,0.00,4.20,0.00
104.18.92.202,4,4,0.00,4.20,0.00
104.18.124.33,4,4,0.00,4.20,0.00
104.19.112.161,4,4,0.00,4.20,0.00
104.18.245.0,4,4,0.00,4.20,0.00
104.16.202.163,4,4,0.00,4.20,0.00
104.16.149.232,4,4,0.00,4.20,0.00
104.18.153.27,4,4,0.00,4.20,0.00
104.19.219.137,4,4,0.00,4.21,0.00
104.25.2.143,4,4,0.00,4.21,0.00
104.16.118.220,4,4,0.00,4.21,0.00
104.24.199.243,4,4,0.00,4.21,0.00
104.16.95.72,4,4,0.00,4.21,0.00
104.19.179.167,4,4,0.00,4.22,0.00
104.16.230.163,4,4,0.00,4.22,0.00
104.16.138.172,4,4,0.00,4.22,0.00
104.19.202.111,4,4,0.00,4.22,0.00
104.18.118.165,4,4,0.00,4.22,0.00
104.18.106.199,4,4,0.00,4.23,0.00
104.18.134.234,4,4,0.00,4.23,0.00
104.16.235.13,4,4,0.00,4.23,0.00
104.18.14.138,4,4,0.00,4.23,0.00
104.18.79.232,4,4,0.00,4.23,0.00
104.17.226.225,4,4,0.00,4.24,0.00
104.18.233.249,4,4,0.00,4.24,0.00
104.18.239.26,4,4,0.00,4.24,0.00
104.18.226.206,4,4,0.00,4.24,0.00
104.19.244.136,4,4,0.00,4.24,0.00
162.159.213.210,4,4,0.00,4.24,0.00
104.19.17.113,4,4,0.00,4.24,0.00
104.18.216.241,4,4,0.00,4.24,0.00
104.19.104.243,4,4,0.00,4.24,0.00
104.16.172.93,4,4,0.00,4.25,0.00
104.18.116.25,4,4,0.00,4.26,0.00
104.18.109.123,4,4,0.00,4.26,0.00
104.19.203.42,4,4,0.00,4.26,0.00
104.18.80.29,4,4,0.00,4.26,0.00
104.17.166.232,4,4,0.00,4.27,0.00
104.16.175.101,4,4,0.00,4.27,0.00
104.16.254.1,4,4,0.00,4.27,0.00
104.17.198.164,4,4,0.00,4.27,0.00
104.17.222.175,4,4,0.00,4.27,0.00
104.18.105.38,4,4,0.00,4.27,0.00
104.17.38.83,4,4,0.00,4.27,0.00
104.16.86.6,4,4,0.00,4.28,0.00
104.18.181.108,4,4,0.00,4.28,0.00
104.17.230.0,4,4,0.00,4.29,0.00
104.25.127.213,4,4,0.00,4.29,0.00
104.18.31.146,4,4,0.00,4.29,0.00
104.17.203.218,4,4,0.00,4.30,0.00
104.19.168.238,4,4,0.00,4.30,0.00
104.16.49.218,4,4,0.00,4.31,0.00
104.20.1.133,4,4,0.00,4.31,0.00
104.16.62.30,4,4,0.00,4.31,0.00
104.19.151.97,4,4,0.00,4.32,0.00
104.18.2.245,4,4,0.00,4.32,0.00
104.18.7.95,4,4,0.00,4.32,0.00
104.18.222.227,4,4,0.00,4.32,0.00
104.17.83.142,4,4,0.00,4.32,0.00
104.18.70.34,4,4,0.00,4.32,0.00
104.17.114.23,4,4,0.00,4.33,0.00
104.19.1.142,4,4,0.00,4.33,0.00
104.19.46.156,4,4,0.00,4.34,0.00
104.18.131.107,4,4,0.00,4.34,0.00
104.18.74.12,4,4,0.00,4.34,0.00
104.18.82.175,4,4,0.00,4.34,0.00
104.16.18.125,4,4,0.00,4.34,0.00
172.67.159.29,4,4,0.00,4.34,0.00
104.19.122.140,4,4,0.00,4.34,0.00
104.19.84.241,4,4,0.00,4.35,0.00
104.19.49.248,4,4,0.00,4.35,0.00
104.16.182.50,4,4,0.00,4.35,0.00
104.19.50.233,4,4,0.00,4.35,0.00
104.18.30.45,4,4,0.00,4.35,0.00
104.16.54.79,4,4,0.00,4.36,0.00
104.16.134.230,4,4,0.00,4.36,0.00
104.18.18.103,4,4,0.00,4.36,0.00
104.18.228.16,4,4,0.00,4.36,0.00
104.17.143.254,4,4,0.00,4.36,0.00
104.20.10.124,4,4,0.00,4.37,0.00
104.16.167.114,4,4,0.00,4.37,0.00
104.17.36.87,4,4,0.00,4.37,0.00
104.16.159.210,4,4,0.00,4.37,0.00
104.18.202.36,4,4,0.00,4.38,0.00
104.18.73.53,4,4,0.00,4.38,0.00
104.25.41.226,4,4,0.00,4.38,0.00
104.16.203.40,4,4,0.00,4.39,0.00
104.16.39.185,4,4,0.00,4.39,0.00
104.19.97.107,4,4,0.00,4.39,0.00
104.16.53.113,4,4,0.00,4.40,0.00
104.17.132.104,4,4,0.00,4.40,0.00
104.16.100.70,4,4,0.00,4.40,0.00
104.19.209.208,4,4,0.00,4.41,0.00
104.18.200.163,4,4,0.00,4.41,0.00
104.19.165.143,4,4,0.00,4.41,0.00
104.18.114.193,4,4,0.00,4.41,0.00
104.19.178.184,4,4,0.00,4.41,0.00
104.19.189.57,4,4,0.00,4.41,0.00
104.18.132.156,4,4,0.00,4.42,0.00
104.18.162.231,4,4,0.00,4.42,0.00
104.19.162.59,4,4,0.00,4.42,0.00
104.16.60.141,4,4,0.00,4.43,0.00
104.17.138.239,4,4,0.00,4.43,0.00
104.16.136.70,4,4,0.00,4.43,0.00
104.18.145.155,4,4,0.00,4.43,0.00
104.19.134.49,4,4,0.00,4.43,0.00
104.19.95.221,4,4,0.00,4.44,0.00
104.18.190.219,4,4,0.00,4.44,0.00
104.16.143.62,4,4,0.00,4.44,0.00
104.17.67.158,4,4,0.00,4.45,0.00
104.17.68.160,4,4,0.00,4.45,0.00
104.17.31.38,4,4,0.00,4.46,0.00
104.19.58.45,4,4,0.00,4.46,0.00
104.18.121.34,4,4,0.00,4.46,0.00
104.16.145.253,4,4,0.00,4.47,0.00
104.16.228.113,4,4,0.00,4.47,0.00
104.19.41.115,4,4,0.00,4.48,0.00
104.19.235.83,4,4,0.00,4.48,0.00
104.18.206.54,4,4,0.00,4.48,0.00
104.17.39.12,4,4,0.00,4.49,0.00
104.17.85.80,4,4,0.00,4.49,0.00
104.19.236.18,4,4,0.00,4.49,0.00
104.18.22.252,4,4,0.00,4.49,0.00
104.19.65.245,4,4,0.00,4.50,0.00
104.18.135.15,4,4,0.00,4.50,0.00
104.18.96.85,4,4,0.00,4.51,0.00
104.18.159.145,4,4,0.00,4.51,0.00
104.18.99.49,4,4,0.00,4.52,0.00
104.19.27.213,4,4,0.00,4.52,0.00
104.19.115.83,4,4,0.00,4.53,0.00
104.16.125.150,4,4,0.00,4.53,0.00
104.16.174.180,4,4,0.00,4.53,0.00
104.16.34.26,4,4,0.00,4.53,0.00
104.18.178.35,4,4,0.00,4.55,0.00
104.17.167.99,4,4,0.00,4.55,0.00
104.17.117.48,4,4,0.00,4.55,0.00
104.17.72.240,4,4,0.00,4.55,0.00
104.18.199.212,4,4,0.00,4.56,0.00
104.18.174.77,4,4,0.00,4.56,0.00
104.18.208.147,4,4,0.00,4.56,0.00
104.17.189.114,4,4,0.00,4.56,0.00
104.18.15.54,4,4,0.00,4.56,0.00
104.17.121.243,4,4,0.00,4.56,0.00
104.18.210.72,4,4,0.00,4.57,0.00
104.17.89.228,4,4,0.00,4.58,0.00
104.18.144.234,4,4,0.00,4.58,0.00
104.16.170.157,4,4,0.00,4.58,0.00
104.18.137.73,4,4,0.00,4.59,0.00
104.17.96.157,4,4,0.00,4.59,0.00
104.19.85.108,4,4,0.00,4.59,0.00
104.16.232.215,4,4,0.00,4.60,0.00
104.16.210.178,4,4,0.00,4.60,0.00
104.16.158.12,4,4,0.00,4.60,0.00
104.16.113.2,4,4,0.00,4.60,0.00
104.17.197.2,4,4,0.00,4.61,0.00
104.16.162.134,4,4,0.00,4.61,0.00
104.18.123.39,4,4,0.00,4.61,0.00
104.17.130.184,4,4,0.00,4.61,0.00
104.16.155.12,4,4,0.00,4.62,0.00
104.18.194.104,4,4,0.00,4.62,0.00
104.17.7.185,4,4,0.00,4.62,0.00
104.19.144.140,4,4,0.00,4.62,0.00
104.17.172.26,4,4,0.00,4.63,0.00
104.19.4.90,4,4,0.00,4.63,0.00
104.16.237.109,4,4,0.00,4.63,0.00
104.18.93.250,4,4,0.00,4.64,0.00
104.17.239.150,4,4,0.00,4.64,0.00
104.16.115.130,4,4,0.00,4.64,0.00
104.17.100.158,4,4,0.00,4.65,0.00
104.19.139.37,4,4,0.00,4.65,0.00
104.17.105.150,4,4,0.00,4.65,0.00
104.19.94.211,4,4,0.00,4.66,0.00
104.17.174.84,4,4,0.00,4.66,0.00
104.18.127.195,4,4,0.00,4.66,0.00
104.18.143.26,4,4,0.00,4.66,0.00
104.18.24.206,4,4,0.00,4.66,0.00
104.18.213.206,4,4,0.00,4.66,0.00
104.18.56.241,4,4,0.00,4.67,0.00
104.18.241.52,4,4,0.00,4.67,0.00
104.16.224.121,4,4,0.00,4.68,0.00
104.18.85.209,4,4,0.00,4.68,0.00
104.19.155.118,4,4,0.00,4.68,0.00
104.18.177.57,4,4,0.00,4.68,0.00
104.16.71.89,4,4,0.00,4.69,0.00
104.16.150.152,4,4,0.00,4.69,0.00
104.18.166.109,4,4,0.00,4.69,0.00
104.18.141.149,4,4,0.00,4.69,0.00
104.19.108.153,4,4,0.00,4.70,0.00
104.16.151.30,4,4,0.00,4.70,0.00
104.19.53.216,4,4,0.00,4.71,0.00
104.18.157.10,4,4,0.00,4.71,0.00
104.18.191.176,4,4,0.00,4.71,0.00
104.18.221.54,4,4,0.00,4.71,0.00
104.16.192.12,4,4,0.00,4.71,0.00
104.19.114.44,4,4,0.00,4.72,0.00
104.18.215.57,4,4,0.00,4.72,0.00
104.17.63.122,4,4,0.00,4.72,0.00
104.19.182.169,4,4,0.00,4.73,0.00
104.17.79.45,4,4,0.00,4.73,0.00
104.18.45.140,4,4,0.00,4.73,0.00
104.19.0.110,4,4,0.00,4.73,0.00
104.16.157.78,4,4,0.00,4.75,0.00
104.19.52.147,4,4,0.00,4.76,0.00
104.19.164.99,4,4,0.00,4.77,0.00
104.18.180.139,4,4,0.00,4.77,0.00
104.17.52.192,4,4,0.00,4.77,0.00
104.18.119.144,4,4,0.00,4.78,0.00
104.16.111.195,4,4,0.00,4.78,0.00
104.18.0.249,4,4,0.00,4.78,0.00
104.18.147.147,4,4,0.00,4.78,0.00
104.18.128.67,4,4,0.00,4.78,0.00
104.19.150.89,4,4,0.00,4.79,0.00
104.18.251.49,4,4,0.00,4.79,0.00
104.16.142.68,4,4,0.00,4.80,0.00
104.18.237.234,4,4,0.00,4.80,0.00
104.17.186.225,4,4,0.00,4.80,0.00
104.19.7.85,4,4,0.00,4.81,0.00
104.16.183.78,4,4,0.00,4.81,0.00
104.19.193.102,4,4,0.00,4.81,0.00
104.17.125.40,4,4,0.00,4.82,0.00
104.17.170.224,4,4,0.00,4.82,0.00
104.17.202.105,4,4,0.00,4.82,0.00
104.18.197.204,4,4,0.00,4.83,0.00
104.16.129.112,4,4,0.00,4.83,0.00
104.18.136.102,4,4,0.00,4.87,0.00
104.16.112.63,4,4,0.00,4.88,0.00
104.19.86.203,4,4,0.00,4.89,0.00
104.17.95.9,4,4,0.00,4.91,0.00
104.17.212.116,4,4,0.00,4.91,0.00
104.17.13.239,4,4,0.00,4.91,0.00
104.18.253.196,4,4,0.00,4.92,0.00
104.16.124.106,4,4,0.00,4.92,0.00
104.18.219.211,4,4,0.00,4.92,0.00
104.18.47.154,4,4,0.00,4.93,0.00
104.18.212.58,4,4,0.00,4.93,0.00
104.16.205.199,4,4,0.00,4.94,0.00
104.17.146.110,4,4,0.00,4.95,0.00
104.17.40.109,4,4,0.00,4.95,0.00
104.18.247.218,4,4,0.00,4.95,0.00
104.17.81.83,4,4,0.00,4.95,0.00
104.17.251.50,4,4,0.00,4.95,0.00
104.17.152.4,4,4,0.00,4.96,0.00
104.18.179.50,4,4,0.00,4.96,0.00
104.18.17.195,4,4,0.00,4.97,0.00
104.17.192.239,4,4,0.00,4.97,0.00
104.17.148.230,4,4,0.00,4.97,0.00
104.18.229.92,4,4,0.00,4.98,0.00
104.16.132.55,4,4,0.00,4.99,0.00
104.18.186.19,4,4,0.00,5.00,0.00
104.18.69.194,4,4,0.00,5.00,0.00
104.18.167.93,4,4,0.00,5.00,0.00
104.16.77.126,4,4,0.00,5.01,0.00
104.18.242.116,4,4,0.00,5.01,0.00
104.17.150.172,4,4,0.00,5.01,0.00
104.17.101.78,4,4,0.00,5.02,0.00
104.18.120.177,4,4,0.00,5.02,0.00
104.18.176.220,4,4,0.00,5.03,0.00
104.18.102.96,4,4,0.00,5.04,0.00
104.18.175.100,4,4,0.00,5.05,0.00
104.16.211.148,4,4,0.00,5.07,0.00
104.18.249.219,4,4,0.00,5.07,0.00
104.17.108.150,4,4,0.00,5.08,0.00
104.17.109.180,4,4,0.00,5.08,0.00
104.17.34.25,4,4,0.00,5.10,0.00
104.17.3.76,4,4,0.00,5.10,0.00
104.17.133.144,4,4,0.00,5.10,0.00
104.18.246.21,4,4,0.00,5.11,0.00
104.18.189.177,4,4,0.00,5.13,0.00
104.17.181.84,4,4,0.00,5.13,0.00
104.16.36.212,4,4,0.00,5.15,0.00
104.18.156.37,4,4,0.00,5.15,0.00
104.18.184.116,4,4,0.00,5.16,0.00
104.18.185.171,4,4,0.00,5.16,0.00
104.16.154.235,4,4,0.00,5.17,0.00
104.17.112.226,4,4,0.00,5.17,0.00
104.17.56.245,4,4,0.00,5.20,0.00
104.19.16.167,4,4,0.00,5.21,0.00
104.19.127.109,4,4,0.00,5.21,0.00
104.16.32.84,4,4,0.00,5.23,0.00
104.17.42.50,4,4,0.00,5.23,0.00
104.16.131.25,4,4,0.00,5.23,0.00
104.18.160.246,4,4,0.00,5.23,0.00
104.18.139.49,4,4,0.00,5.25,0.00
104.18.232.24,4,4,0.00,5.26,0.00
104.16.198.173,4,4,0.00,5.26,0.00
104.17.12.23,4,4,0.00,5.26,0.00
104.18.107.136,4,4,0.00,5.27,0.00
104.16.231.78,4,4,0.00,5.28,0.00
104.18.63.82,4,4,0.00,5.28,0.00
104.17.45.74,4,4,0.00,5.30,0.00
104.17.106.40,4,4,0.00,5.31,0.00
104.18.168.214,4,4,0.00,5.32,0.00
104.19.141.221,4,4,0.00,5.35,0.00
104.17.180.72,4,4,0.00,5.35,0.00
104.17.70.47,4,4,0.00,5.37,0.00
104.18.182.96,4,4,0.00,5.39,0.00
104.17.126.110,4,4,0.00,5.39,0.00
104.16.108.69,4,4,0.00,5.40,0.00
104.18.90.60,4,4,0.00,5.40,0.00
104.17.23.222,4,4,0.00,5.40,0.00
104.17.99.4,4,4,0.00,5.43,0.00
104.17.46.187,4,4,0.00,5.43,0.00
104.17.87.60,4,4,0.00,5.44,0.00
104.18.158.6,4,4,0.00,5.46,0.00
104.19.28.73,4,4,0.00,5.46,0.00
104.17.60.1,4,4,0.00,5.46,0.00
104.18.218.103,4,4,0.00,5.46,0.00
104.18.217.143,4,4,0.00,5.47,0.00
104.19.25.112,4,4,0.00,5.47,0.00
104.17.168.13,4,4,0.00,5.55,0.00
104.17.176.159,4,4,0.00,5.56,0.00
104.17.107.194,4,4,0.00,5.57,0.00
104.18.161.42,4,4,0.00,5.60,0.00
104.17.24.59,4,4,0.00,5.61,0.00
104.18.164.9,4,4,0.00,5.62,0.00
104.17.78.103,4,4,0.00,5.69,0.00
104.18.188.88,4,4,0.00,5.69,0.00
104.17.18.218,4,4,0.00,5.69,0.00
104.16.148.240,4,4,0.00,5.71,0.00
104.18.154.235,4,4,0.00,5.72,0.00
104.17.0.243,4,4,0.00,5.73,0.00
104.17.25.231,4,4,0.00,5.79,0.00
104.17.82.93,4,4,0.00,5.81,0.00
104.18.78.232,4,4,0.00,5.81,0.00
104.17.16.6,4,4,0.00,5.81,0.00
104.16.135.173,4,4,0.00,5.88,0.00
104.17.71.246,4,4,0.00,5.91,0.00
104.17.19.116,4,4,0.00,5.91,0.00
104.17.110.238,4,4,0.00,5.93,0.00
104.17.1.189,4,4,0.00,5.94,0.00
104.16.127.105,4,4,0.00,5.94,0.00
104.16.252.197,4,4,0.00,5.94,0.00
104.19.105.57,4,4,0.00,5.96,0.00
104.17.74.198,4,4,0.00,5.97,0.00
104.17.6.112,4,4,0.00,5.98,0.00
104.18.140.80,4,4,0.00,5.98,0.00
104.17.162.5,4,4,0.00,6.01,0.00
104.17.139.95,4,4,0.00,6.04,0.00
104.18.150.109,4,4,0.00,6.08,0.00
104.18.149.184,4,4,0.00,6.09,0.00
104.17.86.153,4,4,0.00,6.11,0.00
104.16.236.36,4,4,0.00,6.16,0.00
104.17.66.78,4,4,0.00,6.23,0.00
104.16.250.188,4,4,0.00,6.25,0.00
104.17.53.13,4,4,0.00,6.25,0.00
104.16.245.56,4,4,0.00,6.27,0.00
104.17.9.17,4,4,0.00,6.28,0.00
104.17.75.3,4,4,0.00,6.34,0.00
104.17.77.82,4,4,0.00,6.41,0.00
104.18.52.60,4,4,0.00,6.42,0.00
104.18.142.74,4,4,0.00,6.52,0.00
104.17.32.221,4,4,0.00,6.57,0.00
104.17.2.206,4,4,0.00,6.59,0.00
104.16.221.185,4,4,0.00,6.59,0.00
104.17.17.174,4,4,0.00,6.68,0.00
104.17.10.130,4,4,0.00,6.79,0.00
104.17.92.226,4,4,0.00,6.84,0.00
104.16.207.128,4,4,0.00,6.85,0.00
104.17.43.53,4,4,0.00,6.90,0.00
104.17.84.191,4,4,0.00,6.92,0.00
104.16.238.179,4,4,0.00,7.16,0.00
104.17.104.85,4,4,0.00,7.28,0.00
104.17.90.204,4,4,0.00,7.35,0.00
104.17.80.1,4,4,0.00,7.52,0.00
172.66.177.124,4,4,0.00,14.14,0.00
172.66.141.170,4,4,0.00,14.20,0.00
172.66.213.126,4,4,0.00,14.31,0.00
172.66.129.236,4,4,0.00,14.32,0.00
172.66.196.27,4,4,0.00,14.32,0.00
172.66.128.196,4,4,0.00,14.36,0.00
172.66.198.204,4,4,0.00,14.38,0.00
172.66.208.5,4,4,0.00,14.43,0.00
172.66.194.247,4,4,0.00,14.43,0.00
172.66.214.110,4,4,0.00,14.47,0.00
172.64.53.51,4,4,0.00,14.47,0.00
172.66.199.213,4,4,0.00,14.48,0.00
172.66.193.52,4,4,0.00,14.49,0.00
172.66.204.173,4,4,0.00,14.54,0.00
172.66.135.96,4,4,0.00,14.60,0.00
172.66.134.112,4,4,0.00,14.63,0.00
172.66.136.100,4,4,0.00,14.69,0.00
172.66.217.54,4,4,0.00,14.76,0.00
172.64.52.170,4,4,0.00,14.79,0.00
172.66.212.3,4,4,0.00,14.79,0.00
172.66.202.75,4,4,0.00,14.79,0.00
172.66.209.120,4,4,0.00,14.85,0.00
172.66.211.65,4,4,0.00,14.87,0.00
172.66.132.158,4,4,0.00,14.91,0.00
172.66.200.222,4,4,0.00,14.94,0.00
172.66.138.101,4,4,0.00,14.94,0.00
172.66.195.136,4,4,0.00,14.96,0.00
172.66.140.79,4,4,0.00,14.97,0.00
172.66.130.20,4,4,0.00,14.97,0.00
172.66.210.77,4,4,0.00,14.99,0.00
172.66.139.224,4,4,0.00,15.00,0.00
172.66.131.197,4,4,0.00,15.00,0.00
172.66.207.179,4,4,0.00,15.10,0.00
172.66.133.43,4,4,0.00,15.15,0.00
172.66.143.81,4,4,0.00,15.15,0.00
172.66.203.237,4,4,0.00,15.22,0.00
172.66.205.137,4,4,0.00,15.26,0.00
172.66.192.1,4,4,0.00,15.26,0.00
172.66.215.119,4,4,0.00,15.43,0.00
172.66.201.243,4,4,0.00,15.49,0.00
172.66.216.122,4,4,0.00,15.52,0.00
172.66.206.26,4,4,0.00,15.60,0.00
172.66.176.86,4,4,0.00,15.64,0.00
172.66.197.72,4,4,0.00,16.32,0.00
172.66.142.122,4,4,0.00,16.51,0.00
172.66.137.75,4,4,0.00,16.73,0.00
104.29.137.44,4,4,0.00,18.74,0.00
104.29.135.236,4,4,0.00,19.11,0.00
198.41.219.196,4,4,0.00,20.21,0.00
162.159.45.78,4,4,0.00,21.65,0.00
162.159.44.174,4,4,0.00,22.99,0.00
108.162.198.131,4,4,0.00,23.01,0.00
162.159.38.116,4,4,0.00,23.69,0.00
104.29.156.127,4,4,0.00,23.89,0.00
162.159.39.57,4,4,0.00,24.56,0.00
104.29.154.245,4,4,0.00,25.50,0.00
104.29.158.215,4,4,0.00,30.69,0.00
172.64.78.235,4,4,0.00,30.90,0.00
104.29.159.242,4,4,0.00,33.63,0.00
104.30.128.113,4,4,0.00,37.67,0.00
104.29.153.29,4,4,0.00,54.19,0.00
104.29.111.245,4,4,0.00,90.79,0.00
162.159.160.151,4,4,0.00,91.58,0.00
104.29.126.254,4,4,0.00,92.48,0.00
104.29.127.165,4,4,0.00,97.81,0.00
104.29.134.204,4,4,0.00,98.37,0.00
104.29.124.227,4,4,0.00,98.66,0.00
104.29.143.195,4,4,0.00,98.81,0.00
104.29.148.19,4,4,0.00,104.68,0.00
104.29.125.31,4,4,0.00,105.29,0.00
104.29.147.195,4,4,0.00,106.79,0.00
104.29.157.15,4,4,0.00,106.80,0.00
104.29.151.112,4,4,0.00,107.58,0.00
104.29.146.188,4,4,0.00,108.68,0.00
104.31.0.210,4,4,0.00,120.41,0.00
104.29.155.210,4,4,0.00,132.28,0.00
104.29.145.238,4,4,0.00,138.86,0.00
104.29.141.86,4,4,0.00,139.51,0.00
104.29.138.149,4,4,0.00,198.43,0.00
